match_id,match,date,n_books,best_home_decimal,best_draw_decimal,best_away_decimal,best_home_book,best_draw_book,best_away_book,inv_sum,arb,arb_roi_pct,near_arb
4,USA vs Paraguay,2026-06-12,2,2.1,3.2,4.1,unknown,DraftKings,DraftKings,1.0326,False,0.0,False
26,Switzerland vs Bosnia and Herzegovina,2026-06-18,1,1.606,4.2,5.75,unknown,unknown,unknown,1.0346,False,0.0,False
68,Croatia vs Ghana,2026-06-27,1,1.645,3.95,5.75,unknown,unknown,unknown,1.0349,False,0.0,False
33,Netherlands vs Sweden,2026-06-20,1,1.645,4.2,5.25,unknown,unknown,unknown,1.0364,False,0.0,False
66,Egypt vs Iran,2026-06-26,1,2.3,3.05,3.65,unknown,unknown,unknown,1.0366,False,0.0,False
11,Ivory Coast vs Ecuador,2026-06-14,1,3.6,2.85,2.45,unknown,unknown,unknown,1.0368,False,0.0,False
43,Norway vs Senegal,2026-06-22,1,2.15,3.6,3.4,unknown,unknown,unknown,1.037,False,0.0,False
25,South Africa vs Czechia,2026-06-18,1,5.0,3.8,1.741,unknown,unknown,unknown,1.0376,False,0.0,False
40,New Zealand vs Egypt,2026-06-21,1,4.7,3.85,1.769,unknown,unknown,unknown,1.0377,False,0.0,False
56,Curacao vs Ivory Coast,2026-06-25,1,13.0,7.0,1.222,unknown,unknown,unknown,1.038,False,0.0,False
12,Tunisia vs Sweden,2026-06-14,1,4.3,3.55,1.909,unknown,unknown,unknown,1.0381,False,0.0,False
41,Argentina vs Austria,2026-06-22,1,1.645,3.9,5.75,unknown,unknown,unknown,1.0382,False,0.0,False
42,France vs Iraq,2026-06-22,1,1.125,9.0,26.0,unknown,unknown,unknown,1.0385,False,0.0,False
31,Brazil vs Haiti,2026-06-19,1,1.083,13.0,26.0,unknown,unknown,unknown,1.0385,False,0.0,False
19,Argentina vs Algeria,2026-06-16,1,1.408,4.6,9.0,unknown,unknown,unknown,1.0386,False,0.0,False
2,South Korea vs Czechia,2026-06-11,1,2.65,3.05,3.0,unknown,unknown,unknown,1.0386,False,0.0,False
3,Canada vs Bosnia and Herzegovina,2026-06-12,2,1.87,3.55,4.5,DraftKings,unknown,DraftKings,1.0388,False,0.0,False
69,Colombia vs Portugal,2026-06-27,1,3.5,3.35,2.2,unknown,unknown,unknown,1.0388,False,0.0,False
55,Ecuador vs Germany,2026-06-25,1,4.8,3.9,1.741,unknown,unknown,unknown,1.0392,False,0.0,False
65,New Zealand vs Belgium,2026-06-26,1,10.0,6.0,1.294,unknown,unknown,unknown,1.0394,False,0.0,False
15,Saudi Arabia vs Uruguay,2026-06-15,1,8.0,4.5,1.444,unknown,unknown,unknown,1.0395,False,0.0,False
63,Uruguay vs Spain,2026-06-26,1,5.5,4.0,1.645,unknown,unknown,unknown,1.0397,False,0.0,False
20,Austria vs Jordan,2026-06-16,1,1.339,5.5,9.0,unknown,unknown,unknown,1.0398,False,0.0,False
48,Colombia vs DR Congo,2026-06-23,1,1.455,4.4,8.0,unknown,unknown,unknown,1.0398,False,0.0,False
71,Jordan vs Argentina,2026-06-27,1,15.0,7.5,1.19,unknown,unknown,unknown,1.04,False,0.0,False
18,Norway vs Iraq,2026-06-16,1,1.211,7.0,14.0,unknown,unknown,unknown,1.0404,False,0.0,False
29,USA vs Australia,2026-06-19,1,1.571,4.5,5.5,unknown,unknown,unknown,1.0404,False,0.0,False
54,South Korea vs South Africa,2026-06-24,1,1.606,4.1,5.75,unknown,unknown,unknown,1.0405,False,0.0,False
49,Canada vs Switzerland,2026-06-24,1,3.5,3.45,2.15,unknown,unknown,unknown,1.0407,False,0.0,False
61,Norway vs France,2026-06-26,1,4.3,3.65,1.87,unknown,unknown,unknown,1.0414,False,0.0,False
70,Uzbekistan vs DR Congo,2026-06-27,1,3.15,3.35,2.35,unknown,unknown,unknown,1.0415,False,0.0,False
50,Qatar vs Bosnia and Herzegovina,2026-06-24,1,5.75,3.85,1.645,unknown,unknown,unknown,1.0415,False,0.0,False
44,Jordan vs Algeria,2026-06-22,1,6.5,4.3,1.526,unknown,unknown,unknown,1.0416,False,0.0,False
8,Australia vs Turkey,2026-06-13,1,5.25,3.85,1.69,unknown,unknown,unknown,1.0421,False,0.0,False
39,Uruguay vs Cape Verde,2026-06-21,1,1.444,4.6,7.5,unknown,unknown,unknown,1.043,False,0.0,False
38,Belgium vs Iran,2026-06-21,1,1.408,4.8,8.0,unknown,unknown,unknown,1.0435,False,0.0,False
62,Senegal vs Iraq,2026-06-26,1,1.408,4.8,8.0,unknown,unknown,unknown,1.0435,False,0.0,False
37,Spain vs Saudi Arabia,2026-06-21,1,1.1,11.0,23.0,unknown,unknown,unknown,1.0435,False,0.0,False
5,Qatar vs Switzerland,2026-06-13,2,14.0,6.5,1.222,DraftKings,DraftKings,DraftKings,1.0435,False,0.0,False
35,Ecuador vs Curacao,2026-06-20,1,1.2,7.5,13.0,unknown,unknown,unknown,1.0436,False,0.0,False
46,England vs Ghana,2026-06-23,1,1.312,5.5,10.0,unknown,unknown,unknown,1.0437,False,0.0,False
16,Iran vs New Zealand,2026-06-15,1,1.833,3.5,4.7,unknown,unknown,unknown,1.0439,False,0.0,False
34,Germany vs Ivory Coast,2026-06-20,1,1.556,4.4,5.75,unknown,unknown,unknown,1.044,False,0.0,False
7,Haiti vs Scotland,2026-06-13,1,5.75,4.4,1.556,unknown,unknown,unknown,1.044,False,0.0,False
28,Mexico vs South Korea,2026-06-18,1,2.0,3.4,4.0,unknown,unknown,unknown,1.0441,False,0.0,False
36,Tunisia vs Japan,2026-06-20,1,5.25,3.7,1.714,unknown,unknown,unknown,1.0441,False,0.0,False
67,Panama vs England,2026-06-27,1,8.5,6.5,1.294,unknown,unknown,unknown,1.0442,False,0.0,False
59,USA vs Turkey,2026-06-25,1,2.5,3.65,2.7,unknown,unknown,unknown,1.0443,False,0.0,False
72,Algeria vs Austria,2026-06-27,1,3.75,3.2,2.15,unknown,unknown,unknown,1.0443,False,0.0,False
24,Uzbekistan vs Colombia,2026-06-17,1,8.5,4.7,1.4,unknown,unknown,unknown,1.0447,False,0.0,False
23,Ghana vs Panama,2026-06-17,1,2.15,3.4,3.5,unknown,unknown,unknown,1.0449,False,0.0,False
13,Spain vs Cape Verde,2026-06-15,1,1.083,12.0,26.0,unknown,unknown,unknown,1.0449,False,0.0,False
27,Canada vs Qatar,2026-06-18,1,1.294,5.5,11.0,unknown,unknown,unknown,1.0455,False,0.0,False
53,Mexico vs Czechia,2026-06-24,1,1.833,3.6,4.5,unknown,unknown,unknown,1.0455,False,0.0,False
32,Paraguay vs Turkey,2026-06-19,1,4.2,3.25,2.0,unknown,unknown,unknown,1.0458,False,0.0,False
60,Paraguay vs Australia,2026-06-25,1,2.15,3.3,3.6,unknown,unknown,unknown,1.0459,False,0.0,False
64,Cape Verde vs Saudi Arabia,2026-06-26,1,2.25,3.65,3.05,unknown,unknown,unknown,1.0463,False,0.0,False
47,Panama vs Croatia,2026-06-23,1,6.5,4.0,1.556,unknown,unknown,unknown,1.0467,False,0.0,False
45,Portugal vs Uzbekistan,2026-06-23,1,1.235,6.5,12.0,unknown,unknown,unknown,1.0467,False,0.0,False
30,Scotland vs Morocco,2026-06-19,1,4.1,3.3,2.0,unknown,unknown,unknown,1.0469,False,0.0,False
1,Mexico vs South Africa,2026-06-11,1,1.435,4.3,8.5,DraftKings,DraftKings,DraftKings,1.0472,False,0.0,False
21,Portugal vs DR Congo,2026-06-17,1,1.278,5.75,11.0,unknown,unknown,unknown,1.0474,False,0.0,False
17,France vs Senegal,2026-06-16,1,1.476,4.4,7.0,unknown,unknown,unknown,1.0475,False,0.0,False
58,Japan vs Sweden,2026-06-25,1,2.1,3.45,3.55,unknown,unknown,unknown,1.0477,False,0.0,False
57,Tunisia vs Netherlands,2026-06-25,1,6.5,4.4,1.5,unknown,unknown,unknown,1.0478,False,0.0,False
52,Morocco vs Haiti,2026-06-24,1,1.357,5.0,9.0,unknown,unknown,unknown,1.048,False,0.0,False
6,Brazil vs Morocco,2026-06-13,1,1.69,3.75,5.25,unknown,unknown,unknown,1.049,False,0.0,False
51,Scotland vs Brazil,2026-06-24,1,6.0,5.0,1.465,unknown,unknown,unknown,1.0492,False,0.0,False
22,England vs Croatia,2026-06-17,1,1.714,3.85,4.8,unknown,unknown,unknown,1.0514,False,0.0,False
14,Belgium vs Egypt,2026-06-15,1,1.588,3.95,5.75,unknown,unknown,unknown,1.0567,False,0.0,False
9,Germany vs Curacao,2026-06-14,1,1.033,15.0,29.0,unknown,unknown,unknown,1.0689,False,0.0,False
10,Netherlands vs Japan,2026-06-14,1,1.952,3.5,3.65,unknown,unknown,unknown,1.0719,False,0.0,False
