kind,date,label,selection,verdict,score,model_prob,market_implied,edge,ev,decimal_odds,stake_usd,why,cautions
match,2026-06-24,South Korea vs South Africa,South Korea (home),BET,9.95,0.5935,0.4943,0.0992,0.1587,1.9524,20.28,"model 59% vs market fair 49% = +9.9pp edge, EV +0.16/$1 at 1.95 | favorite side — the zone where the model is most trustworthy | line moved TOWARD model since open (2.10→1.95) — sharp money on our side of the number",
match,2026-06-13,Australia vs Turkey,Australia (home),BET,8.0,0.3941,0.1862,0.2079,0.9705,5.0,12.17,"model 39% vs market fair 19% = +20.8pp edge, EV +0.97/$1 at 5.00 | line moved TOWARD model since open (4.70→5.00) — sharp money on our side of the number",coin-flip match (entropy 1.57 bits) — stake halved
match,2026-06-22,Norway vs Senegal,Senegal (away),BET,8.0,0.4078,0.2822,0.1256,0.3865,3.4,9.8,"model 41% vs market fair 28% = +12.6pp edge, EV +0.39/$1 at 3.40 | line moved TOWARD model since open (3.60→3.40) — sharp money on our side of the number",coin-flip match (entropy 1.57 bits) — stake halved
match,2026-06-14,Netherlands vs Japan,Japan (away),BET,8.0,0.3643,0.2565,0.1078,0.3115,3.6,7.29,"model 36% vs market fair 26% = +10.8pp edge, EV +0.31/$1 at 3.60 | line moved TOWARD model since open (3.80→3.60) — sharp money on our side of the number",coin-flip match (entropy 1.57 bits) — stake halved
match,2026-06-12,Canada vs Bosnia and Herzegovina,Canada (home),BET,6.78,0.6192,0.5395,0.0797,0.1146,1.8,17.43,"model 62% vs market fair 54% = +8.0pp edge, EV +0.11/$1 at 1.80 | favorite side — the zone where the model is most trustworthy | line moved TOWARD model since open (2.00→1.80) — sharp money on our side of the number",CONCACAF selection — model inflation documented (Mexico ~+6pp); edge partly model error
match,2026-06-13,Haiti vs Scotland,Haiti (home),BET,6.0,0.3247,0.1545,0.1702,0.9482,6.0,11.54,"model 32% vs market fair 15% = +17.0pp edge, EV +0.95/$1 at 6.00 | line moved TOWARD model since open (6.50→6.00) — sharp money on our side of the number",coin-flip match (entropy 1.58 bits) — stake halved | CONCACAF selection — model inflation documented (Mexico ~+6pp); edge partly model error
match,2026-06-25,Paraguay vs Australia,Australia (away),BET,6.0,0.4364,0.2633,0.1731,0.571,3.6,12.17,"model 44% vs market fair 26% = +17.3pp edge, EV +0.57/$1 at 3.60",coin-flip match (entropy 1.54 bits) — stake halved
match,2026-06-21,New Zealand vs Egypt,New Zealand (home),BET,6.0,0.3158,0.2014,0.1144,0.4843,4.7,15.93,"model 32% vs market fair 20% = +11.4pp edge, EV +0.48/$1 at 4.70",
match,2026-06-13,Brazil vs Morocco,Morocco (away),LEAN,5.79,0.2331,0.17,0.0631,0.2821,5.5,3.81,"model 23% vs market fair 17% = +6.3pp edge, EV +0.28/$1 at 5.50 | line moved TOWARD model since open (6.00→5.50) — sharp money on our side of the number",coin-flip match (entropy 1.55 bits) — stake halved
match,2026-06-19,Scotland vs Morocco,Morocco (away),LEAN,5.41,0.5082,0.4847,0.0235,0.0164,2.0,2.0,"model 51% vs market fair 48% = +2.4pp edge, EV +0.02/$1 at 2.00 | favorite side — the zone where the model is most trustworthy | line moved TOWARD model since open (2.10→2.00) — sharp money on our side of the number",
match,2026-06-20,Tunisia vs Japan,Japan (away),LEAN,5.38,0.5891,0.5661,0.023,0.0099,1.7143,1.68,"model 59% vs market fair 57% = +2.3pp edge, EV +0.01/$1 at 1.71 | favorite side — the zone where the model is most trustworthy | line moved TOWARD model since open (1.87→1.71) — sharp money on our side of the number",
match,2026-06-26,New Zealand vs Belgium,New Zealand (home),LEAN,5.0,0.308,0.0893,0.2187,2.08,10.0,12.17,"model 31% vs market fair 9% = +21.9pp edge, EV +2.08/$1 at 10.00 | line moved TOWARD model since open (10.50→10.00) — sharp money on our side of the number",longshot — ELO compression inflates underdog probs (model bias) | coin-flip match (entropy 1.58 bits) — stake halved
match,2026-06-16,France vs Senegal,Senegal (away),LEAN,5.0,0.2357,0.1295,0.1062,0.6499,7.0,13.18,"model 24% vs market fair 13% = +10.6pp edge, EV +0.65/$1 at 7.00 | line moved TOWARD model since open (6.50→7.00) — sharp money on our side of the number",longshot — ELO compression inflates underdog probs (model bias)
match,2026-06-27,Jordan vs Argentina,Jordan (home),LEAN,4.8,0.1575,0.0609,0.0966,1.205,14.0,11.28,"model 16% vs market fair 6% = +9.7pp edge, EV +1.21/$1 at 14.00 | line moved TOWARD model since open (15.00→14.00) — sharp money on our side of the number",longshot — ELO compression inflates underdog probs (model bias)
match,2026-06-15,Iran vs New Zealand,New Zealand (away),LEAN,4.61,0.2917,0.2148,0.0769,0.2835,4.4,5.07,"model 29% vs market fair 21% = +7.7pp edge, EV +0.28/$1 at 4.40",coin-flip match (entropy 1.52 bits) — stake halved
match,2026-06-24,Canada vs Switzerland,Canada (home),LEAN,4.15,0.342,0.2728,0.0692,0.197,3.5,4.79,"model 34% vs market fair 27% = +6.9pp edge, EV +0.20/$1 at 3.50 | line moved TOWARD model since open (3.65→3.50) — sharp money on our side of the number",coin-flip match (entropy 1.58 bits) — stake halved | CONCACAF selection — model inflation documented (Mexico ~+6pp); edge partly model error
match,2026-06-26,Egypt vs Iran,Iran (away),LEAN,4.0,0.3767,0.2624,0.1143,0.375,3.65,8.61,"model 38% vs market fair 26% = +11.4pp edge, EV +0.38/$1 at 3.65",line moved AGAINST model since open (3.20→3.65) — the market is hardening the other way | coin-flip match (entropy 1.50 bits) — stake halved
match,2026-06-26,Cape Verde vs Saudi Arabia,Saudi Arabia (away),LEAN,4.0,0.4757,0.3364,0.1393,0.3557,2.85,23.4,"model 48% vs market fair 34% = +13.9pp edge, EV +0.36/$1 at 2.85",line moved AGAINST model since open (2.30→2.85) — the market is hardening the other way
match,2026-06-27,Algeria vs Austria,Algeria (home),LEAN,4.0,0.3614,0.2592,0.1022,0.3552,3.75,7.86,"model 36% vs market fair 26% = +10.2pp edge, EV +0.36/$1 at 3.75",line moved AGAINST model since open (3.60→3.75) — the market is hardening the other way | coin-flip match (entropy 1.58 bits) — stake halved
futures,,Tournament winner,Japan,LEAN,3.77,0.0586,0.0115,0.0471,2.8676,66.0,5.37,"model 5.9% vs market fair 1.1% = +4.7pp edge, EV +2.87/$1 at 6500",
match,2026-06-19,USA vs Australia,Australia (away),LEAN,3.5,0.2682,0.2099,0.0583,0.2069,4.5,3.6,"model 27% vs market fair 21% = +5.8pp edge, EV +0.21/$1 at 4.50",coin-flip match (entropy 1.57 bits) — stake halved
match,2026-06-23,Portugal vs Uzbekistan,Uzbekistan (away),LEAN,3.0,0.1936,0.071,0.1226,1.3232,12.0,14.64,"model 19% vs market fair 7% = +12.3pp edge, EV +1.32/$1 at 12.00",longshot — ELO compression inflates underdog probs (model bias)
match,2026-06-23,Panama vs Croatia,Panama (home),LEAN,3.0,0.3183,0.1406,0.1777,1.069,6.5,11.83,"model 32% vs market fair 14% = +17.8pp edge, EV +1.07/$1 at 6.50 | line moved TOWARD model since open (7.00→6.50) — sharp money on our side of the number",longshot — ELO compression inflates underdog probs (model bias) | coin-flip match (entropy 1.58 bits) — stake halved | CONCACAF selection — model inflation documented (Mexico ~+6pp); edge partly model error
match,2026-06-27,Panama vs England,Panama (home),LEAN,3.0,0.2199,0.1054,0.1145,0.8692,8.5,14.1,"model 22% vs market fair 11% = +11.5pp edge, EV +0.87/$1 at 8.50 | line moved TOWARD model since open (12.00→8.50) — sharp money on our side of the number",longshot — ELO compression inflates underdog probs (model bias) | CONCACAF selection — model inflation documented (Mexico ~+6pp); edge partly model error
match,2026-06-14,Ivory Coast vs Ecuador,Ivory Coast (home),PASS,2.84,0.3468,0.2661,0.0807,0.2485,3.6,0.0,"model 35% vs market fair 27% = +8.1pp edge, EV +0.25/$1 at 3.60",line moved AGAINST model since open (3.30→3.60) — the market is hardening the other way | coin-flip match (entropy 1.58 bits) — stake halved | signal too weak after bias haircuts
match,2026-06-27,Uzbekistan vs DR Congo,Uzbekistan (home),PASS,2.84,0.3846,0.3039,0.0807,0.2115,3.15,0.0,"model 38% vs market fair 30% = +8.1pp edge, EV +0.21/$1 at 3.15",line moved AGAINST model since open (2.85→3.15) — the market is hardening the other way | coin-flip match (entropy 1.56 bits) — stake halved | signal too weak after bias haircuts
match,2026-06-15,Belgium vs Egypt,Egypt (away),PASS,2.77,0.253,0.1735,0.0795,0.3283,5.25,0.0,"model 25% vs market fair 17% = +8.0pp edge, EV +0.33/$1 at 5.25",line moved AGAINST model since open (5.00→5.25) — the market is hardening the other way | coin-flip match (entropy 1.55 bits) — stake halved | signal too weak after bias haircuts
match,2026-06-14,Germany vs Curacao,Curacao (away),PASS,2.57,0.1116,0.0188,0.0928,2.2364,29.0,0.0,"model 11% vs market fair 2% = +9.3pp edge, EV +2.24/$1 at 29.00",longshot — ELO compression inflates underdog probs (model bias) | CONCACAF selection — model inflation documented (Mexico ~+6pp); edge partly model error | signal too weak after bias haircuts
match,2026-06-20,Germany vs Ivory Coast,Ivory Coast (away),PASS,2.39,0.2343,0.1611,0.0732,0.3472,5.75,0.0,"model 23% vs market fair 16% = +7.3pp edge, EV +0.35/$1 at 5.75",line moved AGAINST model since open (5.50→5.75) — the market is hardening the other way | coin-flip match (entropy 1.54 bits) — stake halved | signal too weak after bias haircuts
match,2026-06-11,South Korea vs Czechia,South Korea (home),PASS,2.22,0.4272,0.3568,0.0704,0.1534,2.7,0.0,"model 43% vs market fair 36% = +7.0pp edge, EV +0.15/$1 at 2.70",line moved AGAINST model since open (2.55→2.70) — the market is hardening the other way | coin-flip match (entropy 1.54 bits) — stake halved | signal too weak after bias haircuts
match,2026-06-19,Brazil vs Haiti,Haiti (away),PASS,2.06,0.1133,0.0289,0.0844,1.9458,26.0,0.0,"model 11% vs market fair 3% = +8.4pp edge, EV +1.95/$1 at 26.00",longshot — ELO compression inflates underdog probs (model bias) | CONCACAF selection — model inflation documented (Mexico ~+6pp); edge partly model error | signal too weak after bias haircuts
match,2026-06-17,Ghana vs Panama,Panama (away),PASS,2.0,0.3698,0.2614,0.1084,0.3498,3.65,0.0,"model 37% vs market fair 26% = +10.8pp edge, EV +0.35/$1 at 3.65",line moved AGAINST model since open (3.20→3.65) — the market is hardening the other way | coin-flip match (entropy 1.51 bits) — stake halved | CONCACAF selection — model inflation documented (Mexico ~+6pp); edge partly model error | signal too weak after bias haircuts
futures,,Tournament winner,Mexico,PASS,1.93,0.0706,0.009,0.0616,4.7186,81.0,0.0,"model 7.1% vs market fair 0.9% = +6.2pp edge, EV +4.72/$1 at 8000",CONCACAF — documented model inflation; treat most of this edge as model error | signal too weak after bias haircuts
match,2026-06-15,Spain vs Cape Verde,Cape Verde (away),PASS,1.55,0.0699,0.0274,0.0425,0.8174,26.0,0.0,"model 7% vs market fair 3% = +4.2pp edge, EV +0.82/$1 at 26.00",longshot — ELO compression inflates underdog probs (model bias) | signal too weak after bias haircuts
futures,,Tournament winner,Spain,PASS,1.51,0.1843,0.1654,0.0189,0.0136,5.5,0.0,"model 18.4% vs market fair 16.5% = +1.9pp edge, EV +0.01/$1 at 450",signal too weak after bias haircuts
match,2026-06-16,Norway vs Iraq,Iraq (away),PASS,1.0,0.3219,0.0609,0.261,3.5066,14.0,0.0,"model 32% vs market fair 6% = +26.1pp edge, EV +3.51/$1 at 14.00",longshot — ELO compression inflates underdog probs (model bias) | line moved AGAINST model since open (6.00→14.00) — the market is hardening the other way | coin-flip match (entropy 1.57 bits) — stake halved | signal too weak after bias haircuts
match,2026-06-22,France vs Iraq,Iraq (away),PASS,1.0,0.1585,0.029,0.1295,3.121,26.0,0.0,"model 16% vs market fair 3% = +13.0pp edge, EV +3.12/$1 at 26.00",longshot — ELO compression inflates underdog probs (model bias) | line moved AGAINST model since open (19.00→26.00) — the market is hardening the other way | signal too weak after bias haircuts
match,2026-06-21,Spain vs Saudi Arabia,Saudi Arabia (away),PASS,1.0,0.1484,0.0326,0.1158,2.4132,23.0,0.0,"model 15% vs market fair 3% = +11.6pp edge, EV +2.41/$1 at 23.00",longshot — ELO compression inflates underdog probs (model bias) | line moved AGAINST model since open (20.00→23.00) — the market is hardening the other way | signal too weak after bias haircuts
match,2026-06-16,Austria vs Jordan,Jordan (away),PASS,1.0,0.307,0.0935,0.2135,1.9165,9.5,0.0,"model 31% vs market fair 9% = +21.3pp edge, EV +1.92/$1 at 9.50",longshot — ELO compression inflates underdog probs (model bias) | line moved AGAINST model since open (7.00→9.50) — the market is hardening the other way | coin-flip match (entropy 1.54 bits) — stake halved | signal too weak after bias haircuts
match,2026-06-21,Belgium vs Iran,Iran (away),PASS,1.0,0.345,0.113,0.232,1.76,8.0,0.0,"model 34% vs market fair 11% = +23.2pp edge, EV +1.76/$1 at 8.00",longshot — ELO compression inflates underdog probs (model bias) | line moved AGAINST model since open (7.50→8.00) — the market is hardening the other way | coin-flip match (entropy 1.57 bits) — stake halved | signal too weak after bias haircuts
match,2026-06-24,Qatar vs Bosnia and Herzegovina,Qatar (home),PASS,1.0,0.4067,0.1424,0.2643,1.6436,6.5,0.0,"model 41% vs market fair 14% = +26.4pp edge, EV +1.64/$1 at 6.50",longshot — ELO compression inflates underdog probs (model bias) | line moved AGAINST model since open (5.00→6.50) — the market is hardening the other way | coin-flip match (entropy 1.56 bits) — stake halved | signal too weak after bias haircuts
match,2026-06-13,Qatar vs Switzerland,Qatar (home),PASS,1.0,0.2183,0.071,0.1473,1.6196,12.0,0.0,"model 22% vs market fair 7% = +14.7pp edge, EV +1.62/$1 at 12.00",longshot — ELO compression inflates underdog probs (model bias) | line moved AGAINST model since open (7.00→12.00) — the market is hardening the other way | coin-flip match (entropy 1.52 bits) — stake halved | signal too weak after bias haircuts
match,2026-06-17,Uzbekistan vs Colombia,Uzbekistan (home),PASS,1.0,0.2673,0.1064,0.1609,1.2721,8.5,0.0,"model 27% vs market fair 11% = +16.1pp edge, EV +1.27/$1 at 8.50",longshot — ELO compression inflates underdog probs (model bias) | line moved AGAINST model since open (6.00→8.50) — the market is hardening the other way | coin-flip match (entropy 1.57 bits) — stake halved | signal too weak after bias haircuts
match,2026-06-15,Saudi Arabia vs Uruguay,Saudi Arabia (home),PASS,1.0,0.266,0.1128,0.1532,1.128,8.0,0.0,"model 27% vs market fair 11% = +15.3pp edge, EV +1.13/$1 at 8.00",longshot — ELO compression inflates underdog probs (model bias) | line moved AGAINST model since open (5.00→8.00) — the market is hardening the other way | coin-flip match (entropy 1.56 bits) — stake halved | signal too weak after bias haircuts
match,2026-06-16,Argentina vs Algeria,Algeria (away),PASS,1.0,0.207,0.1005,0.1065,0.863,9.0,0.0,"model 21% vs market fair 10% = +10.7pp edge, EV +0.86/$1 at 9.00",longshot — ELO compression inflates underdog probs (model bias) | line moved AGAINST model since open (7.50→9.00) — the market is hardening the other way | signal too weak after bias haircuts
match,2026-06-22,Jordan vs Algeria,Jordan (home),PASS,1.0,0.2783,0.142,0.1363,0.809,6.5,0.0,"model 28% vs market fair 14% = +13.6pp edge, EV +0.81/$1 at 6.50",longshot — ELO compression inflates underdog probs (model bias) | line moved AGAINST model since open (4.90→6.50) — the market is hardening the other way | coin-flip match (entropy 1.57 bits) — stake halved | signal too weak after bias haircuts
futures,,Tournament winner,Iran,PASS,0.85,0.0234,0.0003,0.0231,15.4034,701.0,0.0,"model 2.3% vs market fair 0.0% = +2.3pp edge, EV +15.40/$1 at 70000","sub-5% winner prob — thin sim support, keep stake token-sized | signal too weak after bias haircuts"
match,2026-06-25,USA vs Turkey,USA (home),PASS,0.83,0.4241,0.3769,0.0472,0.0815,2.55,0.0,"model 42% vs market fair 38% = +4.7pp edge, EV +0.08/$1 at 2.55",coin-flip match (entropy 1.56 bits) — stake halved | CONCACAF selection — model inflation documented (Mexico ~+6pp); edge partly model error | signal too weak after bias haircuts
match,2026-06-14,Tunisia vs Sweden,Tunisia (home),PASS,0.77,0.2682,0.222,0.0462,0.1533,4.3,0.0,"model 27% vs market fair 22% = +4.6pp edge, EV +0.15/$1 at 4.30",line moved AGAINST model since open (3.90→4.30) — the market is hardening the other way | coin-flip match (entropy 1.56 bits) — stake halved | signal too weak after bias haircuts
match,2026-06-22,Argentina vs Austria,Austria (away),PASS,0.71,0.208,0.1628,0.0452,0.196,5.75,0.0,"model 21% vs market fair 16% = +4.5pp edge, EV +0.20/$1 at 5.75",line moved AGAINST model since open (5.25→5.75) — the market is hardening the other way | signal too weak after bias haircuts
futures,,Tournament winner,Korea Republic,PASS,0.58,0.0205,0.0008,0.0197,7.2205,401.0,0.0,"model 2.1% vs market fair 0.1% = +2.0pp edge, EV +7.22/$1 at 40000","sub-5% winner prob — thin sim support, keep stake token-sized | signal too weak after bias haircuts"
match,2026-06-27,Croatia vs Ghana,Ghana (away),PASS,0.47,0.2108,0.1697,0.0411,0.1594,5.5,0.0,"model 21% vs market fair 17% = +4.1pp edge, EV +0.16/$1 at 5.50",line moved AGAINST model since open (5.00→5.50) — the market is hardening the other way | signal too weak after bias haircuts
match,2026-06-23,Colombia vs DR Congo,DR Congo (away),PASS,0.29,0.2021,0.114,0.0881,0.6168,8.0,0.0,"model 20% vs market fair 11% = +8.8pp edge, EV +0.62/$1 at 8.00",longshot — ELO compression inflates underdog probs (model bias) | line moved AGAINST model since open (7.00→8.00) — the market is hardening the other way | coin-flip match (entropy 1.52 bits) — stake halved | signal too weak after bias haircuts
match,2026-06-19,Brazil vs Haiti,Draw (draw),PASS,0.0,0.2284,0.0663,0.1621,1.9692,13.0,0.0,draw bet — model upweights draws 1.75× by design; this 'edge' is model bias,
match,2026-06-14,Germany vs Curacao,Draw (draw),PASS,0.0,0.1667,0.0405,0.1262,1.8339,17.0,0.0,draw bet — model upweights draws 1.75× by design; this 'edge' is model bias,
match,2026-06-15,Spain vs Cape Verde,Draw (draw),PASS,0.0,0.226,0.0708,0.1552,1.712,12.0,0.0,draw bet — model upweights draws 1.75× by design; this 'edge' is model bias,
match,2026-06-22,France vs Iraq,Draw (draw),PASS,0.0,0.2768,0.1001,0.1767,1.4912,9.0,0.0,draw bet — model upweights draws 1.75× by design; this 'edge' is model bias,
match,2026-06-21,Spain vs Saudi Arabia,Draw (draw),PASS,0.0,0.2206,0.0787,0.1419,1.4266,11.0,0.0,draw bet — model upweights draws 1.75× by design; this 'edge' is model bias,
match,2026-06-25,Curacao vs Ivory Coast,Draw (draw),PASS,0.0,0.3444,0.1422,0.2022,1.2386,6.5,0.0,draw bet — model upweights draws 1.75× by design; this 'edge' is model bias,
match,2026-06-26,New Zealand vs Belgium,Draw (draw),PASS,0.0,0.3532,0.1552,0.198,1.1192,6.0,0.0,draw bet — model upweights draws 1.75× by design; this 'edge' is model bias,
match,2026-06-20,Ecuador vs Curacao,Draw (draw),PASS,0.0,0.281,0.1209,0.1601,1.1075,7.5,0.0,draw bet — model upweights draws 1.75× by design; this 'edge' is model bias,
match,2026-06-13,Qatar vs Switzerland,Draw (draw),PASS,0.0,0.3177,0.1403,0.1774,1.065,6.5,0.0,draw bet — model upweights draws 1.75× by design; this 'edge' is model bias,
match,2026-06-27,Jordan vs Argentina,Draw (draw),PASS,0.0,0.2918,0.1312,0.1606,1.0426,7.0,0.0,draw bet — model upweights draws 1.75× by design; this 'edge' is model bias,
match,2026-06-16,Norway vs Iraq,Draw (draw),PASS,0.0,0.2851,0.1312,0.1539,0.9957,7.0,0.0,draw bet — model upweights draws 1.75× by design; this 'edge' is model bias,
match,2026-06-21,New Zealand vs Egypt,Draw (draw),PASS,0.0,0.5029,0.248,0.2549,0.9362,3.85,0.0,draw bet — model upweights draws 1.75× by design; this 'edge' is model bias,
match,2026-06-24,Morocco vs Haiti,Draw (draw),PASS,0.0,0.327,0.1798,0.1472,0.7167,5.25,0.0,draw bet — model upweights draws 1.75× by design; this 'edge' is model bias,
match,2026-06-17,Portugal vs DR Congo,Draw (draw),PASS,0.0,0.29,0.16,0.13,0.6675,5.75,0.0,draw bet — model upweights draws 1.75× by design; this 'edge' is model bias,
match,2026-06-18,Canada vs Qatar,Draw (draw),PASS,0.0,0.313,0.1776,0.1354,0.6432,5.25,0.0,draw bet — model upweights draws 1.75× by design; this 'edge' is model bias,
match,2026-06-23,Portugal vs Uzbekistan,Draw (draw),PASS,0.0,0.249,0.1403,0.1087,0.6185,6.5,0.0,draw bet — model upweights draws 1.75× by design; this 'edge' is model bias,
match,2026-06-17,Uzbekistan vs Colombia,Draw (draw),PASS,0.0,0.3479,0.205,0.1429,0.6003,4.6,0.0,draw bet — model upweights draws 1.75× by design; this 'edge' is model bias,
match,2026-06-23,Colombia vs DR Congo,Draw (draw),PASS,0.0,0.3607,0.2151,0.1456,0.5871,4.4,0.0,draw bet — model upweights draws 1.75× by design; this 'edge' is model bias,
match,2026-06-23,England vs Ghana,Draw (draw),PASS,0.0,0.2864,0.1689,0.1175,0.5752,5.5,0.0,draw bet — model upweights draws 1.75× by design; this 'edge' is model bias,
match,2026-06-13,Haiti vs Scotland,Draw (draw),PASS,0.0,0.3538,0.2197,0.1341,0.5213,4.3,0.0,draw bet — model upweights draws 1.75× by design; this 'edge' is model bias,
match,2026-06-27,Panama vs England,Draw (draw),PASS,0.0,0.2339,0.1411,0.0928,0.5203,6.5,0.0,draw bet — model upweights draws 1.75× by design; this 'edge' is model bias,
match,2026-06-17,Ghana vs Panama,Draw (draw),PASS,0.0,0.4357,0.2771,0.1586,0.5032,3.45,0.0,draw bet — model upweights draws 1.75× by design; this 'edge' is model bias,
match,2026-06-20,Germany vs Ivory Coast,Draw (draw),PASS,0.0,0.3395,0.2139,0.1256,0.4938,4.4,0.0,draw bet — model upweights draws 1.75× by design; this 'edge' is model bias,
match,2026-06-15,Saudi Arabia vs Uruguay,Draw (draw),PASS,0.0,0.3279,0.2088,0.1191,0.4756,4.5,0.0,draw bet — model upweights draws 1.75× by design; this 'edge' is model bias,
match,2026-06-24,Scotland vs Brazil,Draw (draw),PASS,0.0,0.2969,0.1913,0.1056,0.4548,4.9,0.0,draw bet — model upweights draws 1.75× by design; this 'edge' is model bias,
match,2026-06-22,Jordan vs Algeria,Draw (draw),PASS,0.0,0.3374,0.2198,0.1176,0.4508,4.3,0.0,draw bet — model upweights draws 1.75× by design; this 'edge' is model bias,
match,2026-06-14,Tunisia vs Sweden,Draw (draw),PASS,0.0,0.414,0.2788,0.1352,0.4283,3.45,0.0,draw bet — model upweights draws 1.75× by design; this 'edge' is model bias,
match,2026-06-19,USA vs Australia,Draw (draw),PASS,0.0,0.3605,0.2406,0.1199,0.424,3.95,0.0,draw bet — model upweights draws 1.75× by design; this 'edge' is model bias,
match,2026-06-25,Japan vs Sweden,Draw (draw),PASS,0.0,0.4119,0.2746,0.1373,0.4211,3.45,0.0,draw bet — model upweights draws 1.75× by design; this 'edge' is model bias,
match,2026-06-23,Panama vs Croatia,Draw (draw),PASS,0.0,0.3528,0.2355,0.1173,0.4112,4.0,0.0,draw bet — model upweights draws 1.75× by design; this 'edge' is model bias,
match,2026-06-20,Netherlands vs Sweden,Draw (draw),PASS,0.0,0.335,0.2269,0.1081,0.407,4.2,0.0,draw bet — model upweights draws 1.75× by design; this 'edge' is model bias,
match,2026-06-24,Qatar vs Bosnia and Herzegovina,Draw (draw),PASS,0.0,0.3472,0.2375,0.1097,0.3888,4.0,0.0,draw bet — model upweights draws 1.75× by design; this 'edge' is model bias,
match,2026-06-26,Senegal vs Iraq,Draw (draw),PASS,0.0,0.2928,0.2009,0.0919,0.3762,4.7,0.0,draw bet — model upweights draws 1.75× by design; this 'edge' is model bias,
match,2026-06-16,Austria vs Jordan,Draw (draw),PASS,0.0,0.2491,0.1691,0.08,0.37,5.5,0.0,draw bet — model upweights draws 1.75× by design; this 'edge' is model bias,
match,2026-06-21,Uruguay vs Cape Verde,Draw (draw),PASS,0.0,0.2978,0.2044,0.0934,0.3699,4.6,0.0,draw bet — model upweights draws 1.75× by design; this 'edge' is model bias,
match,2026-06-26,Egypt vs Iran,Draw (draw),PASS,0.0,0.4398,0.3158,0.124,0.3414,3.05,0.0,draw bet — model upweights draws 1.75× by design; this 'edge' is model bias,
match,2026-06-13,Brazil vs Morocco,Draw (draw),PASS,0.0,0.3558,0.254,0.1018,0.3343,3.75,0.0,draw bet — model upweights draws 1.75× by design; this 'edge' is model bias,
match,2026-06-25,Ecuador vs Germany,Draw (draw),PASS,0.0,0.3414,0.2442,0.0972,0.3315,3.9,0.0,draw bet — model upweights draws 1.75× by design; this 'edge' is model bias,
match,2026-06-18,Mexico vs South Korea,Draw (draw),PASS,0.0,0.3576,0.2606,0.097,0.3052,3.65,0.0,draw bet — model upweights draws 1.75× by design; this 'edge' is model bias,
match,2026-06-21,Belgium vs Iran,Draw (draw),PASS,0.0,0.2715,0.1952,0.0763,0.3032,4.8,0.0,draw bet — model upweights draws 1.75× by design; this 'edge' is model bias,
match,2026-06-18,South Africa vs Czechia,Draw (draw),PASS,0.0,0.38,0.2799,0.1001,0.292,3.4,0.0,draw bet — model upweights draws 1.75× by design; this 'edge' is model bias,
match,2026-06-11,Mexico vs South Africa,Draw (draw),PASS,0.0,0.2909,0.2117,0.0792,0.28,4.4,0.0,draw bet — model upweights draws 1.75× by design; this 'edge' is model bias,
match,2026-06-26,Norway vs France,Draw (draw),PASS,0.0,0.3415,0.2583,0.0832,0.2636,3.7,0.0,draw bet — model upweights draws 1.75× by design; this 'edge' is model bias,
match,2026-06-25,Tunisia vs Netherlands,Draw (draw),PASS,0.0,0.2859,0.2127,0.0732,0.258,4.4,0.0,draw bet — model upweights draws 1.75× by design; this 'edge' is model bias,
match,2026-06-27,Uzbekistan vs DR Congo,Draw (draw),PASS,0.0,0.3739,0.2852,0.0887,0.2526,3.35,0.0,draw bet — model upweights draws 1.75× by design; this 'edge' is model bias,
match,2026-06-15,Belgium vs Egypt,Draw (draw),PASS,0.0,0.3243,0.2417,0.0826,0.2486,3.85,0.0,draw bet — model upweights draws 1.75× by design; this 'edge' is model bias,
match,2026-06-27,Colombia vs Portugal,Draw (draw),PASS,0.0,0.3697,0.286,0.0837,0.2385,3.35,0.0,draw bet — model upweights draws 1.75× by design; this 'edge' is model bias,
match,2026-06-18,Switzerland vs Bosnia and Herzegovina,Draw (draw),PASS,0.0,0.2965,0.2312,0.0653,0.2156,4.1,0.0,draw bet — model upweights draws 1.75× by design; this 'edge' is model bias,
match,2026-06-24,Canada vs Switzerland,Draw (draw),PASS,0.0,0.3428,0.2769,0.0659,0.1827,3.45,0.0,draw bet — model upweights draws 1.75× by design; this 'edge' is model bias,
match,2026-06-16,France vs Senegal,Draw (draw),PASS,0.0,0.2627,0.2078,0.0549,0.1821,4.5,0.0,draw bet — model upweights draws 1.75× by design; this 'edge' is model bias,
match,2026-06-17,England vs Croatia,Draw (draw),PASS,0.0,0.3047,0.2437,0.061,0.1731,3.85,0.0,draw bet — model upweights draws 1.75× by design; this 'edge' is model bias,
match,2026-06-19,Paraguay vs Turkey,Draw (draw),PASS,0.0,0.3664,0.2973,0.0691,0.1725,3.2,0.0,draw bet — model upweights draws 1.75× by design; this 'edge' is model bias,
match,2026-06-27,Croatia vs Ghana,Draw (draw),PASS,0.0,0.3003,0.2467,0.0536,0.1562,3.85,0.0,draw bet — model upweights draws 1.75× by design; this 'edge' is model bias,
match,2026-06-24,Mexico vs Czechia,Draw (draw),PASS,0.0,0.3162,0.2606,0.0556,0.1541,3.65,0.0,draw bet — model upweights draws 1.75× by design; this 'edge' is model bias,
match,2026-06-12,USA vs Paraguay,Draw (draw),PASS,0.0,0.3303,0.2734,0.0569,0.1395,3.45,0.0,draw bet — model upweights draws 1.75× by design; this 'edge' is model bias,
match,2026-06-22,Norway vs Senegal,Draw (draw),PASS,0.0,0.316,0.2661,0.0499,0.1376,3.6,0.0,draw bet — model upweights draws 1.75× by design; this 'edge' is model bias,
match,2026-06-26,Cape Verde vs Saudi Arabia,Draw (draw),PASS,0.0,0.3485,0.2937,0.0548,0.1326,3.25,0.0,draw bet — model upweights draws 1.75× by design; this 'edge' is model bias,
match,2026-06-26,Uruguay vs Spain,Draw (draw),PASS,0.0,0.2826,0.2377,0.0449,0.1304,4.0,0.0,draw bet — model upweights draws 1.75× by design; this 'edge' is model bias,
match,2026-06-16,Argentina vs Algeria,Draw (draw),PASS,0.0,0.2457,0.2056,0.0401,0.1302,4.6,0.0,draw bet — model upweights draws 1.75× by design; this 'edge' is model bias,
match,2026-06-13,Australia vs Turkey,Draw (draw),PASS,0.0,0.2962,0.2486,0.0476,0.1256,3.8,0.0,draw bet — model upweights draws 1.75× by design; this 'edge' is model bias,
match,2026-06-25,Paraguay vs Australia,Draw (draw),PASS,0.0,0.3387,0.2882,0.0505,0.1177,3.3,0.0,draw bet — model upweights draws 1.75× by design; this 'edge' is model bias,
match,2026-06-27,Algeria vs Austria,Draw (draw),PASS,0.0,0.3486,0.3048,0.0438,0.1155,3.2,0.0,draw bet — model upweights draws 1.75× by design; this 'edge' is model bias,
match,2026-06-19,Scotland vs Morocco,Draw (draw),PASS,0.0,0.3377,0.2898,0.0479,0.1144,3.3,0.0,draw bet — model upweights draws 1.75× by design; this 'edge' is model bias,
match,2026-06-22,Argentina vs Austria,Draw (draw),PASS,0.0,0.2851,0.2445,0.0406,0.1119,3.9,0.0,draw bet — model upweights draws 1.75× by design; this 'edge' is model bias,
match,2026-06-11,South Korea vs Czechia,Draw (draw),PASS,0.0,0.3363,0.2995,0.0368,0.0762,3.2,0.0,draw bet — model upweights draws 1.75× by design; this 'edge' is model bias,
match,2026-06-25,USA vs Turkey,Draw (draw),PASS,0.0,0.2996,0.2677,0.0319,0.0636,3.55,0.0,draw bet — model upweights draws 1.75× by design; this 'edge' is model bias,
match,2026-06-24,South Korea vs South Africa,Draw (draw),PASS,0.0,0.2962,0.2705,0.0257,0.0367,3.5,0.0,draw bet — model upweights draws 1.75× by design; this 'edge' is model bias,
match,2026-06-14,Ivory Coast vs Ecuador,Draw (draw),PASS,0.0,0.3598,0.3386,0.0212,0.0254,2.85,0.0,draw bet — model upweights draws 1.75× by design; this 'edge' is model bias,
match,2026-06-12,Canada vs Bosnia and Herzegovina,Draw (draw),PASS,0.0,0.2822,0.2646,0.0176,0.0159,3.6,0.0,draw bet — model upweights draws 1.75× by design; this 'edge' is model bias,
match,2026-06-21,Uruguay vs Cape Verde,Cape Verde (away),PASS,0.0,0.1315,0.1213,0.0102,-0.0138,7.5,0.0,negative EV — the price is better than the model,
match,2026-06-24,Mexico vs Czechia,Mexico (home),PASS,0.0,0.5469,0.5393,0.0076,-0.0156,1.8,0.0,negative EV — the price is better than the model,
match,2026-06-20,Tunisia vs Japan,Draw (draw),PASS,0.0,0.2615,0.2564,0.0051,-0.0324,3.7,0.0,negative EV — the price is better than the model,
match,2026-06-25,Japan vs Sweden,Japan (home),PASS,0.0,0.4605,0.4588,0.0017,-0.0329,2.1,0.0,negative EV — the price is better than the model,
match,2026-06-26,Uruguay vs Spain,Spain (away),PASS,0.0,0.5835,0.5921,-0.0086,-0.04,1.6452,0.0,negative EV — the price is better than the model,
match,2026-06-12,USA vs Paraguay,USA (home),PASS,0.0,0.4914,0.5044,-0.013,-0.0619,1.9091,0.0,negative EV — the price is better than the model,
match,2026-06-19,Paraguay vs Turkey,Turkey (away),PASS,0.0,0.4144,0.4277,-0.0133,-0.0676,2.25,0.0,negative EV — the price is better than the model,
match,2026-06-25,Ecuador vs Germany,Ecuador (home),PASS,0.0,0.1937,0.1966,-0.0029,-0.0702,4.8,0.0,negative EV — the price is better than the model,
match,2026-06-14,Netherlands vs Japan,Draw (draw),PASS,0.0,0.2671,0.2684,-0.0013,-0.0785,3.45,0.0,negative EV — the price is better than the model,
match,2026-06-18,Switzerland vs Bosnia and Herzegovina,Switzerland (home),PASS,0.0,0.5629,0.599,-0.0361,-0.0853,1.625,0.0,negative EV — the price is better than the model,
match,2026-06-25,Tunisia vs Netherlands,Tunisia (home),PASS,0.0,0.1404,0.1403,0.0001,-0.0874,6.5,0.0,negative EV — the price is better than the model,
match,2026-06-26,Norway vs France,France (away),PASS,0.0,0.4953,0.5309,-0.0356,-0.092,1.8333,0.0,negative EV — the price is better than the model,
match,2026-06-15,Iran vs New Zealand,Iran (home),PASS,0.0,0.4728,0.5084,-0.0356,-0.0974,1.9091,0.0,negative EV — the price is better than the model,
match,2026-06-17,England vs Croatia,England (home),PASS,0.0,0.5242,0.5633,-0.0391,-0.1014,1.7143,0.0,negative EV — the price is better than the model,
match,2026-06-27,Colombia vs Portugal,Portugal (away),PASS,0.0,0.4078,0.4406,-0.0328,-0.1028,2.2,0.0,negative EV — the price is better than the model,
match,2026-06-18,Mexico vs South Korea,South Korea (away),PASS,0.0,0.1906,0.2001,-0.0095,-0.1042,4.7,0.0,negative EV — the price is better than the model,
match,2026-06-11,Mexico vs South Africa,Mexico (home),PASS,0.0,0.6292,0.6845,-0.0553,-0.1086,1.4167,0.0,negative EV — the price is better than the model,
match,2026-06-25,Tunisia vs Netherlands,Netherlands (away),PASS,0.0,0.5737,0.647,-0.0733,-0.1395,1.5,0.0,negative EV — the price is better than the model,
match,2026-06-20,Netherlands vs Sweden,Netherlands (home),PASS,0.0,0.5121,0.5934,-0.0813,-0.1575,1.6452,0.0,negative EV — the price is better than the model,
match,2026-06-24,Scotland vs Brazil,Scotland (home),PASS,0.0,0.1398,0.1543,-0.0145,-0.1612,6.0,0.0,negative EV — the price is better than the model,
match,2026-06-24,Scotland vs Brazil,Brazil (away),PASS,0.0,0.5633,0.6544,-0.0911,-0.1619,1.4878,0.0,negative EV — the price is better than the model,
match,2026-06-22,Argentina vs Austria,Argentina (home),PASS,0.0,0.5068,0.5927,-0.0859,-0.1662,1.6452,0.0,negative EV — the price is better than the model,
match,2026-06-21,Uruguay vs Cape Verde,Uruguay (home),PASS,0.0,0.5707,0.6743,-0.1036,-0.1757,1.4444,0.0,negative EV — the price is better than the model,
match,2026-06-17,England vs Croatia,Croatia (away),PASS,0.0,0.1711,0.193,-0.0219,-0.1787,4.8,0.0,negative EV — the price is better than the model,
match,2026-06-27,Croatia vs Ghana,Croatia (home),PASS,0.0,0.489,0.5836,-0.0946,-0.185,1.6667,0.0,negative EV — the price is better than the model,
match,2026-06-18,Mexico vs South Korea,Mexico (home),PASS,0.0,0.4518,0.5393,-0.0875,-0.1868,1.8,0.0,negative EV — the price is better than the model,
match,2026-06-15,Iran vs New Zealand,Draw (draw),PASS,0.0,0.2355,0.2768,-0.0413,-0.1875,3.45,0.0,negative EV — the price is better than the model,
match,2026-06-25,Ecuador vs Germany,Germany (away),PASS,0.0,0.4649,0.5592,-0.0943,-0.1907,1.7407,0.0,negative EV — the price is better than the model,
match,2026-06-20,Netherlands vs Sweden,Sweden (away),PASS,0.0,0.153,0.1797,-0.0267,-0.1967,5.25,0.0,negative EV — the price is better than the model,
match,2026-06-20,Tunisia vs Japan,Tunisia (home),PASS,0.0,0.1494,0.1775,-0.0281,-0.2157,5.25,0.0,negative EV — the price is better than the model,
match,2026-06-27,Colombia vs Portugal,Colombia (home),PASS,0.0,0.2225,0.2734,-0.0509,-0.2212,3.5,0.0,negative EV — the price is better than the model,
match,2026-06-18,Switzerland vs Bosnia and Herzegovina,Bosnia and Herzegovina (away),PASS,0.0,0.1406,0.1698,-0.0292,-0.2267,5.5,0.0,negative EV — the price is better than the model,
match,2026-06-16,Argentina vs Algeria,Argentina (home),PASS,0.0,0.5474,0.6938,-0.1464,-0.2292,1.4082,0.0,negative EV — the price is better than the model,
match,2026-06-15,Spain vs Cape Verde,Spain (home),PASS,0.0,0.7041,0.9018,-0.1977,-0.2372,1.0833,0.0,negative EV — the price is better than the model,
match,2026-06-19,Paraguay vs Turkey,Paraguay (home),PASS,0.0,0.2192,0.2749,-0.0557,-0.2438,3.45,0.0,negative EV — the price is better than the model,
match,2026-06-23,England vs Ghana,England (home),PASS,0.0,0.5709,0.7429,-0.172,-0.2507,1.3125,0.0,negative EV — the price is better than the model,
match,2026-06-12,USA vs Paraguay,Paraguay (away),PASS,0.0,0.1783,0.2223,-0.044,-0.2511,4.2,0.0,negative EV — the price is better than the model,
match,2026-06-25,USA vs Turkey,Turkey (away),PASS,0.0,0.2763,0.3554,-0.0791,-0.254,2.7,0.0,negative EV — the price is better than the model,
match,2026-06-14,Germany vs Curacao,Germany (home),PASS,0.0,0.7216,0.9406,-0.219,-0.2578,1.0286,0.0,negative EV — the price is better than the model,
match,2026-06-18,South Africa vs Czechia,Czechia (away),PASS,0.0,0.3794,0.4956,-0.1162,-0.2593,1.9524,0.0,negative EV — the price is better than the model,
match,2026-06-14,Netherlands vs Japan,Netherlands (home),PASS,0.0,0.3687,0.4751,-0.1064,-0.2626,2.0,0.0,negative EV — the price is better than the model,
match,2026-06-26,Uruguay vs Spain,Uruguay (home),PASS,0.0,0.134,0.1702,-0.0362,-0.263,5.5,0.0,negative EV — the price is better than the model,
match,2026-06-26,Norway vs France,Norway (home),PASS,0.0,0.1633,0.2107,-0.0474,-0.2651,4.5,0.0,negative EV — the price is better than the model,
match,2026-06-16,France vs Senegal,France (home),PASS,0.0,0.5016,0.6628,-0.1612,-0.2651,1.4651,0.0,negative EV — the price is better than the model,
match,2026-06-18,Canada vs Qatar,Canada (home),PASS,0.0,0.5594,0.7431,-0.1837,-0.2658,1.3125,0.0,negative EV — the price is better than the model,
match,2026-06-17,Portugal vs DR Congo,Portugal (home),PASS,0.0,0.5733,0.7618,-0.1885,-0.2674,1.2778,0.0,negative EV — the price is better than the model,
match,2026-06-26,Senegal vs Iraq,Senegal (home),PASS,0.0,0.5137,0.685,-0.1713,-0.2677,1.4255,0.0,negative EV — the price is better than the model,
match,2026-06-14,Ivory Coast vs Ecuador,Ecuador (away),PASS,0.0,0.2934,0.3953,-0.1019,-0.2812,2.45,0.0,negative EV — the price is better than the model,
match,2026-06-19,Brazil vs Haiti,Brazil (home),PASS,0.0,0.6583,0.9048,-0.2465,-0.2869,1.0833,0.0,negative EV — the price is better than the model,
match,2026-06-24,Morocco vs Haiti,Morocco (home),PASS,0.0,0.5232,0.7248,-0.2016,-0.2932,1.3509,0.0,negative EV — the price is better than the model,
match,2026-06-27,Panama vs England,England (away),PASS,0.0,0.5462,0.7534,-0.2072,-0.2932,1.2941,0.0,negative EV — the price is better than the model,
match,2026-06-15,Belgium vs Egypt,Belgium (home),PASS,0.0,0.4228,0.5849,-0.1621,-0.3044,1.6452,0.0,negative EV — the price is better than the model,
match,2026-06-13,Brazil vs Morocco,Brazil (home),PASS,0.0,0.4112,0.576,-0.1648,-0.3052,1.6897,0.0,negative EV — the price is better than the model,
match,2026-06-21,Spain vs Saudi Arabia,Spain (home),PASS,0.0,0.6309,0.8886,-0.2577,-0.306,1.1,0.0,negative EV — the price is better than the model,
match,2026-06-23,Portugal vs Uzbekistan,Portugal (home),PASS,0.0,0.5573,0.7887,-0.2314,-0.3116,1.2353,0.0,negative EV — the price is better than the model,
match,2026-06-11,Mexico vs South Africa,South Africa (away),PASS,0.0,0.0799,0.1037,-0.0238,-0.3209,8.5,0.0,negative EV — the price is better than the model,
match,2026-06-24,Canada vs Switzerland,Switzerland (away),PASS,0.0,0.3152,0.4504,-0.1352,-0.3223,2.15,0.0,negative EV — the price is better than the model,
match,2026-06-27,Jordan vs Argentina,Argentina (away),PASS,0.0,0.5507,0.8079,-0.2572,-0.3334,1.2105,0.0,negative EV — the price is better than the model,
match,2026-06-20,Germany vs Ivory Coast,Germany (home),PASS,0.0,0.4263,0.625,-0.1987,-0.3368,1.5556,0.0,negative EV — the price is better than the model,
match,2026-06-11,South Korea vs Czechia,Czechia (away),PASS,0.0,0.2365,0.3437,-0.1072,-0.3378,2.8,0.0,negative EV — the price is better than the model,
match,2026-06-19,USA vs Australia,USA (home),PASS,0.0,0.3713,0.5495,-0.1782,-0.3431,1.7692,0.0,negative EV — the price is better than the model,
match,2026-06-27,Algeria vs Austria,Austria (away),PASS,0.0,0.29,0.436,-0.146,-0.3475,2.25,0.0,negative EV — the price is better than the model,
match,2026-06-19,Scotland vs Morocco,Scotland (home),PASS,0.0,0.154,0.2255,-0.0715,-0.3532,4.2,0.0,negative EV — the price is better than the model,
match,2026-06-24,Mexico vs Czechia,Czechia (away),PASS,0.0,0.1369,0.2001,-0.0632,-0.3566,4.7,0.0,negative EV — the price is better than the model,
match,2026-06-23,Colombia vs DR Congo,Colombia (home),PASS,0.0,0.4372,0.6709,-0.2337,-0.3641,1.4545,0.0,negative EV — the price is better than the model,
match,2026-06-22,France vs Iraq,France (home),PASS,0.0,0.5647,0.8709,-0.3062,-0.3647,1.125,0.0,negative EV — the price is better than the model,
match,2026-06-20,Ecuador vs Curacao,Ecuador (home),PASS,0.0,0.5188,0.8136,-0.2948,-0.3774,1.2,0.0,negative EV — the price is better than the model,
match,2026-06-14,Tunisia vs Sweden,Sweden (away),PASS,0.0,0.3178,0.4992,-0.1814,-0.3795,1.9524,0.0,negative EV — the price is better than the model,
match,2026-06-22,Norway vs Senegal,Norway (home),PASS,0.0,0.2763,0.4517,-0.1754,-0.406,2.15,0.0,negative EV — the price is better than the model,
match,2026-06-25,Curacao vs Ivory Coast,Ivory Coast (away),PASS,0.0,0.4761,0.7915,-0.3154,-0.4119,1.2353,0.0,negative EV — the price is better than the model,
match,2026-06-16,Austria vs Jordan,Austria (home),PASS,0.0,0.4439,0.7374,-0.2935,-0.4129,1.3226,0.0,negative EV — the price is better than the model,
match,2026-06-22,Jordan vs Algeria,Algeria (away),PASS,0.0,0.3843,0.6382,-0.2539,-0.4134,1.5263,0.0,negative EV — the price is better than the model,
match,2026-06-15,Saudi Arabia vs Uruguay,Uruguay (away),PASS,0.0,0.4061,0.6785,-0.2724,-0.4173,1.4348,0.0,negative EV — the price is better than the model,
match,2026-06-13,Qatar vs Switzerland,Switzerland (away),PASS,0.0,0.464,0.7887,-0.3247,-0.4268,1.2353,0.0,negative EV — the price is better than the model,
match,2026-06-27,Uzbekistan vs DR Congo,DR Congo (away),PASS,0.0,0.2416,0.4109,-0.1693,-0.4322,2.35,0.0,negative EV — the price is better than the model,
match,2026-06-17,Uzbekistan vs Colombia,Colombia (away),PASS,0.0,0.3847,0.6886,-0.3039,-0.455,1.4167,0.0,negative EV — the price is better than the model,
match,2026-06-21,Belgium vs Iran,Belgium (home),PASS,0.0,0.3835,0.6918,-0.3083,-0.46,1.4082,0.0,negative EV — the price is better than the model,
match,2026-06-13,Australia vs Turkey,Turkey (away),PASS,0.0,0.3097,0.5652,-0.2555,-0.4691,1.7143,0.0,negative EV — the price is better than the model,
match,2026-06-23,Panama vs Croatia,Croatia (away),PASS,0.0,0.3289,0.6239,-0.295,-0.4884,1.5556,0.0,negative EV — the price is better than the model,
match,2026-06-13,Haiti vs Scotland,Scotland (away),PASS,0.0,0.3215,0.6258,-0.3043,-0.4999,1.5556,0.0,negative EV — the price is better than the model,
match,2026-06-25,Paraguay vs Australia,Paraguay (home),PASS,0.0,0.2249,0.4485,-0.2236,-0.5165,2.15,0.0,negative EV — the price is better than the model,
match,2026-06-16,Norway vs Iraq,Norway (home),PASS,0.0,0.393,0.8079,-0.4149,-0.5243,1.2105,0.0,negative EV — the price is better than the model,
match,2026-06-12,Canada vs Bosnia and Herzegovina,Bosnia and Herzegovina (away),PASS,0.0,0.0986,0.1959,-0.0973,-0.5267,4.8,0.0,negative EV — the price is better than the model,
match,2026-06-26,Cape Verde vs Saudi Arabia,Cape Verde (home),PASS,0.0,0.1758,0.3698,-0.194,-0.5429,2.6,0.0,negative EV — the price is better than the model,
match,2026-06-25,Japan vs Sweden,Sweden (away),PASS,0.0,0.1276,0.2666,-0.139,-0.547,3.55,0.0,negative EV — the price is better than the model,
match,2026-06-24,South Korea vs South Africa,South Africa (away),PASS,0.0,0.1103,0.2352,-0.1249,-0.5588,4.0,0.0,negative EV — the price is better than the model,
match,2026-06-26,New Zealand vs Belgium,Belgium (away),PASS,0.0,0.3388,0.7555,-0.4167,-0.5616,1.2941,0.0,negative EV — the price is better than the model,
match,2026-06-26,Egypt vs Iran,Egypt (home),PASS,0.0,0.1835,0.4218,-0.2383,-0.578,2.3,0.0,negative EV — the price is better than the model,
match,2026-06-17,Ghana vs Panama,Ghana (home),PASS,0.0,0.1945,0.4616,-0.2671,-0.5916,2.1,0.0,negative EV — the price is better than the model,
match,2026-06-24,Qatar vs Bosnia and Herzegovina,Bosnia and Herzegovina (away),PASS,0.0,0.2461,0.6201,-0.374,-0.6133,1.5714,0.0,negative EV — the price is better than the model,
match,2026-06-21,New Zealand vs Egypt,Egypt (away),PASS,0.0,0.1813,0.5506,-0.3693,-0.6792,1.7692,0.0,negative EV — the price is better than the model,
futures,,Tournament winner,New Zealand,PASS,0.0,0.0139,0.0001,0.0138,19.8639,1501.0,0.0,"model 1.4% < 2% = under ~200 of 10k sims — Monte Carlo tail noise at long odds, not edge",
futures,,Tournament winner,Australia,PASS,0.0,0.0179,0.0004,0.0175,9.7579,601.0,0.0,"model 1.8% < 2% = under ~200 of 10k sims — Monte Carlo tail noise at long odds, not edge",
futures,,Tournament winner,Panama,PASS,0.0,0.0072,0.0001,0.0071,6.2072,1001.0,0.0,"model 0.7% < 2% = under ~200 of 10k sims — Monte Carlo tail noise at long odds, not edge",
futures,,Tournament winner,Uzbekistan,PASS,0.0,0.0035,0.0001,0.0034,4.2535,1501.0,0.0,"model 0.4% < 2% = under ~200 of 10k sims — Monte Carlo tail noise at long odds, not edge",
futures,,Tournament winner,Saudi Arabia,PASS,0.0,0.0032,0.0001,0.0031,2.2032,1001.0,0.0,"model 0.3% < 2% = under ~200 of 10k sims — Monte Carlo tail noise at long odds, not edge",
futures,,Tournament winner,Iraq,PASS,0.0,0.0019,0.0001,0.0018,1.8519,1501.0,0.0,"model 0.2% < 2% = under ~200 of 10k sims — Monte Carlo tail noise at long odds, not edge",
futures,,Tournament winner,Jordan,PASS,0.0,0.0011,0.0,0.0011,1.7511,2501.0,0.0,"model 0.1% < 2% = under ~200 of 10k sims — Monte Carlo tail noise at long odds, not edge",
futures,,Tournament winner,Côte d'Ivoire,PASS,0.0,0.0083,0.0018,0.0065,1.0833,251.0,0.0,"model 0.8% < 2% = under ~200 of 10k sims — Monte Carlo tail noise at long odds, not edge",
futures,,Tournament winner,Haiti,PASS,0.0,0.0008,0.0,0.0008,1.0008,2501.0,0.0,"model 0.1% < 2% = under ~200 of 10k sims — Monte Carlo tail noise at long odds, not edge",
futures,,Tournament winner,Algeria,PASS,0.0,0.0053,0.001,0.0043,0.8603,351.0,0.0,"model 0.5% < 2% = under ~200 of 10k sims — Monte Carlo tail noise at long odds, not edge",
futures,,Tournament winner,Senegal,PASS,0.0,0.0149,0.0077,0.0072,0.3559,91.0,0.0,"model 1.5% < 2% = under ~200 of 10k sims — Monte Carlo tail noise at long odds, not edge",
futures,,Tournament winner,Croatia,PASS,0.0,0.0099,0.0077,0.0022,-0.0991,91.0,0.0,"model 1.0% < 2% = under ~200 of 10k sims — Monte Carlo tail noise at long odds, not edge",
futures,,Tournament winner,Netherlands,PASS,0.0,0.0389,0.0413,-0.0024,-0.1831,21.0,0.0,negative EV — market price is fair or better,
futures,,Tournament winner,Qatar,PASS,0.0,0.0005,0.0001,0.0004,-0.2495,1501.0,0.0,"model 0.1% < 2% = under ~200 of 10k sims — Monte Carlo tail noise at long odds, not edge",
futures,,Tournament winner,Germany,PASS,0.0,0.0487,0.0589,-0.0102,-0.2695,15.0,0.0,negative EV — market price is fair or better,
futures,,Tournament winner,England,PASS,0.0,0.0908,0.1129,-0.0221,-0.2736,8.0,0.0,negative EV — market price is fair or better,
futures,,Tournament winner,Brazil,PASS,0.0,0.0647,0.0853,-0.0206,-0.3207,10.5,0.0,negative EV — market price is fair or better,
futures,,Tournament winner,Argentina,PASS,0.0,0.0584,0.0897,-0.0313,-0.416,10.0,0.0,negative EV — market price is fair or better,
futures,,Tournament winner,Egypt,PASS,0.0,0.0019,0.0014,0.0005,-0.4281,301.0,0.0,"model 0.2% < 2% = under ~200 of 10k sims — Monte Carlo tail noise at long odds, not edge",
futures,,Tournament winner,Belgium,PASS,0.0,0.0137,0.0199,-0.0062,-0.4383,41.0,0.0,"model 1.4% < 2% = under ~200 of 10k sims — Monte Carlo tail noise at long odds, not edge",
futures,,Tournament winner,Switzerland,PASS,0.0,0.0082,0.0115,-0.0033,-0.4588,66.0,0.0,"model 0.8% < 2% = under ~200 of 10k sims — Monte Carlo tail noise at long odds, not edge",
futures,,Tournament winner,Uruguay,PASS,0.0,0.0077,0.0115,-0.0038,-0.4918,66.0,0.0,"model 0.8% < 2% = under ~200 of 10k sims — Monte Carlo tail noise at long odds, not edge",
futures,,Tournament winner,France,PASS,0.0,0.0733,0.1581,-0.0848,-0.5785,5.75,0.0,negative EV — market price is fair or better,
futures,,Tournament winner,Congo DR,PASS,0.0,0.0004,0.0001,0.0003,-0.5996,1001.0,0.0,"model 0.0% < 2% = under ~200 of 10k sims — Monte Carlo tail noise at long odds, not edge",
futures,,Tournament winner,Turkey,PASS,0.0,0.004,0.0077,-0.0037,-0.636,91.0,0.0,"model 0.4% < 2% = under ~200 of 10k sims — Monte Carlo tail noise at long odds, not edge",
futures,,Tournament winner,Portugal,PASS,0.0,0.036,0.0946,-0.0586,-0.658,9.5,0.0,negative EV — market price is fair or better,
futures,,Tournament winner,Colombia,PASS,0.0,0.0075,0.0199,-0.0124,-0.6925,41.0,0.0,"model 0.8% < 2% = under ~200 of 10k sims — Monte Carlo tail noise at long odds, not edge",
futures,,Tournament winner,Austria,PASS,0.0,0.0015,0.0039,-0.0024,-0.7735,151.0,0.0,"model 0.1% < 2% = under ~200 of 10k sims — Monte Carlo tail noise at long odds, not edge",
futures,,Tournament winner,Norway,PASS,0.0,0.0057,0.023,-0.0173,-0.7948,36.0,0.0,"model 0.6% < 2% = under ~200 of 10k sims — Monte Carlo tail noise at long odds, not edge",
futures,,Tournament winner,South Africa,PASS,0.0,0.0002,0.0001,0.0001,-0.7998,1001.0,0.0,"model 0.0% < 2% = under ~200 of 10k sims — Monte Carlo tail noise at long odds, not edge",
futures,,Tournament winner,Sweden,PASS,0.0,0.0013,0.0053,-0.004,-0.8427,121.0,0.0,"model 0.1% < 2% = under ~200 of 10k sims — Monte Carlo tail noise at long odds, not edge",
futures,,Tournament winner,Paraguay,PASS,0.0,0.0005,0.0014,-0.0009,-0.8495,301.0,0.0,"model 0.1% < 2% = under ~200 of 10k sims — Monte Carlo tail noise at long odds, not edge",
futures,,Tournament winner,Ghana,PASS,0.0,0.0005,0.0014,-0.0009,-0.8495,301.0,0.0,"model 0.1% < 2% = under ~200 of 10k sims — Monte Carlo tail noise at long odds, not edge",
futures,,Tournament winner,Ecuador,PASS,0.0,0.0018,0.009,-0.0072,-0.8542,81.0,0.0,"model 0.2% < 2% = under ~200 of 10k sims — Monte Carlo tail noise at long odds, not edge",
futures,,Tournament winner,Tunisia,PASS,0.0,0.0002,0.0006,-0.0004,-0.8998,501.0,0.0,"model 0.0% < 2% = under ~200 of 10k sims — Monte Carlo tail noise at long odds, not edge",
futures,,Tournament winner,Czechia,PASS,0.0,0.0003,0.0018,-0.0015,-0.9247,251.0,0.0,"model 0.0% < 2% = under ~200 of 10k sims — Monte Carlo tail noise at long odds, not edge",
futures,,Tournament winner,Scotland,PASS,0.0,0.0002,0.0026,-0.0024,-0.9598,201.0,0.0,"model 0.0% < 2% = under ~200 of 10k sims — Monte Carlo tail noise at long odds, not edge",
futures,,Tournament winner,Bosnia-Herzegovina,PASS,0.0,0.0,0.0006,-0.0006,-1.0,501.0,0.0,"model 0.0% < 2% = under ~200 of 10k sims — Monte Carlo tail noise at long odds, not edge",
futures,,Tournament winner,Cape Verde Islands,PASS,0.0,0.0,0.0001,-0.0001,-1.0,1001.0,0.0,"model 0.0% < 2% = under ~200 of 10k sims — Monte Carlo tail noise at long odds, not edge",
futures,,Tournament winner,Curaçao,PASS,0.0,0.0,0.0,0.0,-1.0,2501.0,0.0,"model 0.0% < 2% = under ~200 of 10k sims — Monte Carlo tail noise at long odds, not edge",
match,2026-06-26,Senegal vs Iraq,Iraq (away),PASS,-0.24,0.1935,0.1141,0.0794,0.548,8.0,0.0,"model 19% vs market fair 11% = +7.9pp edge, EV +0.55/$1 at 8.00",longshot — ELO compression inflates underdog probs (model bias) | line moved AGAINST model since open (6.50→8.00) — the market is hardening the other way | signal too weak after bias haircuts
futures,,Tournament winner,Morocco,PASS,-0.28,0.0246,0.0156,0.009,0.2546,51.0,0.0,"model 2.5% vs market fair 1.6% = +0.9pp edge, EV +0.25/$1 at 5000","sub-5% winner prob — thin sim support, keep stake token-sized | signal too weak after bias haircuts"
match,2026-06-20,Ecuador vs Curacao,Curacao (away),PASS,-1.0,0.2002,0.0654,0.1348,1.6026,13.0,0.0,"model 20% vs market fair 7% = +13.5pp edge, EV +1.60/$1 at 13.00",longshot — ELO compression inflates underdog probs (model bias) | line moved AGAINST model since open (12.00→13.00) — the market is hardening the other way | CONCACAF selection — model inflation documented (Mexico ~+6pp); edge partly model error | signal too weak after bias haircuts
match,2026-06-25,Curacao vs Ivory Coast,Curacao (home),PASS,-1.0,0.1794,0.0663,0.1131,1.3322,13.0,0.0,"model 18% vs market fair 7% = +11.3pp edge, EV +1.33/$1 at 13.00",longshot — ELO compression inflates underdog probs (model bias) | line moved AGAINST model since open (9.00→13.00) — the market is hardening the other way | CONCACAF selection — model inflation documented (Mexico ~+6pp); edge partly model error | signal too weak after bias haircuts
match,2026-06-18,South Africa vs Czechia,South Africa (home),PASS,-1.03,0.2406,0.2245,0.0161,0.0105,4.2,0.0,"model 24% vs market fair 22% = +1.6pp edge, EV +0.01/$1 at 4.20",line moved AGAINST model since open (4.00→4.20) — the market is hardening the other way | coin-flip match (entropy 1.56 bits) — stake halved | signal too weak after bias haircuts
match,2026-06-17,Portugal vs DR Congo,DR Congo (away),PASS,-1.5,0.1367,0.0783,0.0584,0.5037,11.0,0.0,"model 14% vs market fair 8% = +5.8pp edge, EV +0.50/$1 at 11.00",longshot — ELO compression inflates underdog probs (model bias) | line moved AGAINST model since open (8.00→11.00) — the market is hardening the other way | signal too weak after bias haircuts
futures,,Tournament winner,USA,PASS,-1.66,0.0419,0.0126,0.0293,1.5559,61.0,0.0,"model 4.2% vs market fair 1.3% = +2.9pp edge, EV +1.56/$1 at 6000","CONCACAF — documented model inflation; treat most of this edge as model error | sub-5% winner prob — thin sim support, keep stake token-sized | signal too weak after bias haircuts"
match,2026-06-23,England vs Ghana,Ghana (away),PASS,-1.73,0.1427,0.0882,0.0545,0.427,10.0,0.0,"model 14% vs market fair 9% = +5.5pp edge, EV +0.43/$1 at 10.00",longshot — ELO compression inflates underdog probs (model bias) | line moved AGAINST model since open (8.50→10.00) — the market is hardening the other way | signal too weak after bias haircuts
match,2026-06-18,Canada vs Qatar,Qatar (away),PASS,-2.11,0.1276,0.0794,0.0482,0.4036,11.0,0.0,"model 13% vs market fair 8% = +4.8pp edge, EV +0.40/$1 at 11.00",longshot — ELO compression inflates underdog probs (model bias) | line moved AGAINST model since open (6.50→11.00) — the market is hardening the other way | signal too weak after bias haircuts
futures,,Tournament winner,Canada,PASS,-2.5,0.0213,0.0026,0.0187,3.2813,201.0,0.0,"model 2.1% vs market fair 0.3% = +1.9pp edge, EV +3.28/$1 at 20000","CONCACAF — documented model inflation; treat most of this edge as model error | sub-5% winner prob — thin sim support, keep stake token-sized | signal too weak after bias haircuts"
match,2026-06-24,Morocco vs Haiti,Haiti (away),PASS,-3.74,0.1498,0.0955,0.0543,0.4231,9.5,0.0,"model 15% vs market fair 10% = +5.4pp edge, EV +0.42/$1 at 9.50",longshot — ELO compression inflates underdog probs (model bias) | line moved AGAINST model since open (8.50→9.50) — the market is hardening the other way | CONCACAF selection — model inflation documented (Mexico ~+6pp); edge partly model error | signal too weak after bias haircuts
