match_id,date,stage,group,match,outcome,selection,model_prob,decimal_odds,market_implied,market_source,book,edge,edge_flag,ev,ev_flag,kelly_full,kelly_quarter,recommended_stake_pct,recommended_stake_usd
1,2026-06-11,Group Stage,A,Mexico vs South Africa,home,Mexico,0.6292,1.5893,0.6292,model_estimated,,0.0,,-0.0,,0.0,0.0,0.0,0.0
1,2026-06-11,Group Stage,A,Mexico vs South Africa,draw,Draw,0.2909,3.4376,0.2909,model_estimated,,0.0,,-0.0,,0.0,0.0,0.0,0.0
1,2026-06-11,Group Stage,A,Mexico vs South Africa,away,South Africa,0.0799,12.5156,0.0799,model_estimated,,0.0,,-0.0,,0.0,0.0,0.0,0.0
2,2026-06-11,Group Stage,A,South Korea vs Czechia,home,South Korea,0.4272,2.3408,0.4272,model_estimated,,0.0,,-0.0,,0.0,0.0,0.0,0.0
2,2026-06-11,Group Stage,A,South Korea vs Czechia,draw,Draw,0.3363,2.9735,0.3363,model_estimated,,0.0,,-0.0,,0.0,0.0,0.0,0.0
2,2026-06-11,Group Stage,A,South Korea vs Czechia,away,Czechia,0.2365,4.2283,0.2365,model_estimated,,0.0,,-0.0,,0.0,0.0,0.0,0.0
3,2026-06-12,Group Stage,B,Canada vs Bosnia and Herzegovina,home,Canada,0.6192,1.615,0.6192,model_estimated,,0.0,,0.0,value,0.0,0.0,0.0,0.0
3,2026-06-12,Group Stage,B,Canada vs Bosnia and Herzegovina,draw,Draw,0.2822,3.5436,0.2822,model_estimated,,0.0,,0.0,value,0.0,0.0,0.0,0.0
3,2026-06-12,Group Stage,B,Canada vs Bosnia and Herzegovina,away,Bosnia and Herzegovina,0.0986,10.142,0.0986,model_estimated,,0.0,,0.0,value,0.0,0.0,0.0,0.0
4,2026-06-12,Group Stage,D,USA vs Paraguay,home,USA,0.4914,2.035,0.4914,model_estimated,,0.0,,-0.0,,0.0,0.0,0.0,0.0
4,2026-06-12,Group Stage,D,USA vs Paraguay,draw,Draw,0.3303,3.0276,0.3303,model_estimated,,0.0,,0.0,value,0.0,0.0,0.0,0.0
4,2026-06-12,Group Stage,D,USA vs Paraguay,away,Paraguay,0.1783,5.6085,0.1783,model_estimated,,0.0,,-0.0,,0.0,0.0,0.0,0.0
5,2026-06-13,Group Stage,B,Qatar vs Switzerland,home,Qatar,0.2183,4.5809,0.2183,model_estimated,,0.0,,0.0,value,0.0,0.0,0.0,0.0
5,2026-06-13,Group Stage,B,Qatar vs Switzerland,draw,Draw,0.3177,3.1476,0.3177,model_estimated,,0.0,,-0.0,,0.0,0.0,0.0,0.0
5,2026-06-13,Group Stage,B,Qatar vs Switzerland,away,Switzerland,0.464,2.1552,0.464,model_estimated,,0.0,,0.0,value,0.0,0.0,0.0,0.0
6,2026-06-13,Group Stage,C,Brazil vs Morocco,home,Brazil,0.4112,2.4319,0.4112,model_estimated,,0.0,,-0.0,,0.0,0.0,0.0,0.0
6,2026-06-13,Group Stage,C,Brazil vs Morocco,draw,Draw,0.3558,2.8106,0.3558,model_estimated,,0.0,,0.0,value,0.0,0.0,0.0,0.0
6,2026-06-13,Group Stage,C,Brazil vs Morocco,away,Morocco,0.2331,4.29,0.2331,model_estimated,,0.0,,-0.0,,0.0,0.0,0.0,0.0
7,2026-06-13,Group Stage,C,Haiti vs Scotland,home,Haiti,0.3247,3.0798,0.3247,model_estimated,,0.0,,0.0,value,0.0,0.0,0.0,0.0
7,2026-06-13,Group Stage,C,Haiti vs Scotland,draw,Draw,0.3538,2.8265,0.3538,model_estimated,,0.0,,0.0,value,0.0,0.0,0.0,0.0
7,2026-06-13,Group Stage,C,Haiti vs Scotland,away,Scotland,0.3215,3.1104,0.3215,model_estimated,,0.0,,-0.0,,0.0,0.0,0.0,0.0
8,2026-06-13,Group Stage,D,Australia vs Turkey,home,Australia,0.3941,2.5374,0.3941,model_estimated,,0.0,,-0.0,,0.0,0.0,0.0,0.0
8,2026-06-13,Group Stage,D,Australia vs Turkey,draw,Draw,0.2962,3.3761,0.2962,model_estimated,,0.0,,0.0,value,0.0,0.0,0.0,0.0
8,2026-06-13,Group Stage,D,Australia vs Turkey,away,Turkey,0.3097,3.2289,0.3097,model_estimated,,0.0,,-0.0,,0.0,0.0,0.0,0.0
9,2026-06-14,Group Stage,E,Germany vs Curacao,home,Germany,0.7216,1.3858,0.7216,model_estimated,,0.0,,-0.0,,0.0,0.0,0.0,0.0
9,2026-06-14,Group Stage,E,Germany vs Curacao,draw,Draw,0.1667,5.9988,0.1667,model_estimated,,0.0,,-0.0,,0.0,0.0,0.0,0.0
9,2026-06-14,Group Stage,E,Germany vs Curacao,away,Curacao,0.1116,8.9606,0.1116,model_estimated,,0.0,,0.0,value,0.0,0.0,0.0,0.0
10,2026-06-14,Group Stage,F,Netherlands vs Japan,home,Netherlands,0.3687,2.7122,0.3687,model_estimated,,0.0,,-0.0,,0.0,0.0,0.0,0.0
10,2026-06-14,Group Stage,F,Netherlands vs Japan,draw,Draw,0.2671,3.7439,0.2671,model_estimated,,0.0,,-0.0,,0.0,0.0,0.0,0.0
10,2026-06-14,Group Stage,F,Netherlands vs Japan,away,Japan,0.3643,2.745,0.3643,model_estimated,,0.0,,0.0,value,0.0,0.0,0.0,0.0
11,2026-06-14,Group Stage,E,Ivory Coast vs Ecuador,home,Ivory Coast,0.3468,2.8835,0.3468,model_estimated,,0.0,,-0.0,,0.0,0.0,0.0,0.0
11,2026-06-14,Group Stage,E,Ivory Coast vs Ecuador,draw,Draw,0.3598,2.7793,0.3598,model_estimated,,0.0,,-0.0,,0.0,0.0,0.0,0.0
11,2026-06-14,Group Stage,E,Ivory Coast vs Ecuador,away,Ecuador,0.2934,3.4083,0.2934,model_estimated,,0.0,,-0.0,,0.0,0.0,0.0,0.0
12,2026-06-14,Group Stage,F,Tunisia vs Sweden,home,Tunisia,0.2682,3.7286,0.2682,model_estimated,,0.0,,0.0,value,0.0,0.0,0.0,0.0
12,2026-06-14,Group Stage,F,Tunisia vs Sweden,draw,Draw,0.414,2.4155,0.414,model_estimated,,0.0,,0.0,value,0.0,0.0,0.0,0.0
12,2026-06-14,Group Stage,F,Tunisia vs Sweden,away,Sweden,0.3178,3.1466,0.3178,model_estimated,,0.0,,-0.0,,0.0,0.0,0.0,0.0
13,2026-06-15,Group Stage,H,Spain vs Cape Verde,home,Spain,0.7041,1.4203,0.7041,model_estimated,,0.0,,0.0,value,0.0001,0.0,0.0,0.02
13,2026-06-15,Group Stage,H,Spain vs Cape Verde,draw,Draw,0.226,4.4248,0.226,model_estimated,,0.0,,0.0,value,0.0,0.0,0.0,0.0
13,2026-06-15,Group Stage,H,Spain vs Cape Verde,away,Cape Verde,0.0699,14.3062,0.0699,model_estimated,,0.0,,0.0,value,0.0,0.0,0.0,0.0
14,2026-06-15,Group Stage,G,Belgium vs Egypt,home,Belgium,0.4228,2.3652,0.4228,model_estimated,,0.0,,0.0,value,0.0,0.0,0.0,0.0
14,2026-06-15,Group Stage,G,Belgium vs Egypt,draw,Draw,0.3243,3.0836,0.3243,model_estimated,,0.0,,0.0,value,0.0,0.0,0.0,0.0
14,2026-06-15,Group Stage,G,Belgium vs Egypt,away,Egypt,0.253,3.9526,0.253,model_estimated,,0.0,,0.0,value,0.0,0.0,0.0,0.0
15,2026-06-15,Group Stage,H,Saudi Arabia vs Uruguay,home,Saudi Arabia,0.266,3.7594,0.266,model_estimated,,0.0,,0.0,value,0.0,0.0,0.0,0.0
15,2026-06-15,Group Stage,H,Saudi Arabia vs Uruguay,draw,Draw,0.3279,3.0497,0.3279,model_estimated,,0.0,,-0.0,,0.0,0.0,0.0,0.0
15,2026-06-15,Group Stage,H,Saudi Arabia vs Uruguay,away,Uruguay,0.4061,2.4624,0.4061,model_estimated,,0.0,,-0.0,,0.0,0.0,0.0,0.0
16,2026-06-15,Group Stage,G,Iran vs New Zealand,home,Iran,0.4728,2.1151,0.4728,model_estimated,,0.0,,0.0,value,0.0,0.0,0.0,0.0
16,2026-06-15,Group Stage,G,Iran vs New Zealand,draw,Draw,0.2355,4.2463,0.2355,model_estimated,,0.0,,0.0,value,0.0,0.0,0.0,0.0
16,2026-06-15,Group Stage,G,Iran vs New Zealand,away,New Zealand,0.2917,3.4282,0.2917,model_estimated,,0.0,,0.0,value,0.0,0.0,0.0,0.0
17,2026-06-16,Group Stage,I,France vs Senegal,home,France,0.5016,1.9936,0.5016,model_estimated,,0.0,,-0.0,,0.0,0.0,0.0,0.0
17,2026-06-16,Group Stage,I,France vs Senegal,draw,Draw,0.2627,3.8066,0.2627,model_estimated,,0.0,,-0.0,,0.0,0.0,0.0,0.0
17,2026-06-16,Group Stage,I,France vs Senegal,away,Senegal,0.2357,4.2427,0.2357,model_estimated,,0.0,,0.0,value,0.0,0.0,0.0,0.0
18,2026-06-16,Group Stage,I,Norway vs Iraq,home,Norway,0.393,2.5445,0.393,model_estimated,,0.0,,-0.0,,0.0,0.0,0.0,0.0
18,2026-06-16,Group Stage,I,Norway vs Iraq,draw,Draw,0.2851,3.5075,0.2851,model_estimated,,0.0,,-0.0,,0.0,0.0,0.0,0.0
18,2026-06-16,Group Stage,I,Norway vs Iraq,away,Iraq,0.3219,3.1066,0.3219,model_estimated,,0.0,,0.0,value,0.0,0.0,0.0,0.0
19,2026-06-16,Group Stage,J,Argentina vs Algeria,home,Argentina,0.5474,1.8268,0.5474,model_estimated,,0.0,,-0.0,,0.0,0.0,0.0,0.0
19,2026-06-16,Group Stage,J,Argentina vs Algeria,draw,Draw,0.2457,4.07,0.2457,model_estimated,,0.0,,-0.0,,0.0,0.0,0.0,0.0
19,2026-06-16,Group Stage,J,Argentina vs Algeria,away,Algeria,0.207,4.8309,0.207,model_estimated,,0.0,,-0.0,,0.0,0.0,0.0,0.0
20,2026-06-16,Group Stage,J,Austria vs Jordan,home,Austria,0.4439,2.2528,0.4439,model_estimated,,0.0,,0.0,value,0.0,0.0,0.0,0.0
20,2026-06-16,Group Stage,J,Austria vs Jordan,draw,Draw,0.2491,4.0145,0.2491,model_estimated,,0.0,,0.0,value,0.0,0.0,0.0,0.0
20,2026-06-16,Group Stage,J,Austria vs Jordan,away,Jordan,0.307,3.2573,0.307,model_estimated,,0.0,,-0.0,,0.0,0.0,0.0,0.0
21,2026-06-17,Group Stage,K,Portugal vs DR Congo,home,Portugal,0.5733,1.7443,0.5733,model_estimated,,0.0,,0.0,value,0.0,0.0,0.0,0.0
21,2026-06-17,Group Stage,K,Portugal vs DR Congo,draw,Draw,0.29,3.4483,0.29,model_estimated,,0.0,,0.0,value,0.0,0.0,0.0,0.0
21,2026-06-17,Group Stage,K,Portugal vs DR Congo,away,DR Congo,0.1367,7.3153,0.1367,model_estimated,,0.0,,0.0,value,0.0,0.0,0.0,0.0
22,2026-06-17,Group Stage,L,England vs Croatia,home,England,0.5242,1.9077,0.5242,model_estimated,,0.0,,0.0,value,0.0,0.0,0.0,0.0
22,2026-06-17,Group Stage,L,England vs Croatia,draw,Draw,0.3047,3.2819,0.3047,model_estimated,,0.0,,-0.0,,0.0,0.0,0.0,0.0
22,2026-06-17,Group Stage,L,England vs Croatia,away,Croatia,0.1711,5.8445,0.1711,model_estimated,,0.0,,-0.0,,0.0,0.0,0.0,0.0
23,2026-06-17,Group Stage,L,Ghana vs Panama,home,Ghana,0.1945,5.1414,0.1945,model_estimated,,0.0,,0.0,value,0.0,0.0,0.0,0.0
23,2026-06-17,Group Stage,L,Ghana vs Panama,draw,Draw,0.4357,2.2952,0.4357,model_estimated,,0.0,,0.0,value,0.0,0.0,0.0,0.0
23,2026-06-17,Group Stage,L,Ghana vs Panama,away,Panama,0.3698,2.7042,0.3698,model_estimated,,0.0,,0.0,value,0.0,0.0,0.0,0.0
24,2026-06-17,Group Stage,K,Uzbekistan vs Colombia,home,Uzbekistan,0.2673,3.7411,0.2673,model_estimated,,0.0,,-0.0,,0.0,0.0,0.0,0.0
24,2026-06-17,Group Stage,K,Uzbekistan vs Colombia,draw,Draw,0.3479,2.8744,0.3479,model_estimated,,0.0,,0.0,value,0.0,0.0,0.0,0.0
24,2026-06-17,Group Stage,K,Uzbekistan vs Colombia,away,Colombia,0.3847,2.5994,0.3847,model_estimated,,0.0,,-0.0,,0.0,0.0,0.0,0.0
25,2026-06-18,Group Stage,A,South Africa vs Czechia,home,South Africa,0.2406,4.1563,0.2406,model_estimated,,0.0,,0.0,value,0.0,0.0,0.0,0.0
25,2026-06-18,Group Stage,A,South Africa vs Czechia,draw,Draw,0.38,2.6316,0.38,model_estimated,,0.0,,0.0,value,0.0,0.0,0.0,0.0
25,2026-06-18,Group Stage,A,South Africa vs Czechia,away,Czechia,0.3794,2.6357,0.3794,model_estimated,,0.0,,-0.0,,0.0,0.0,0.0,0.0
26,2026-06-18,Group Stage,B,Switzerland vs Bosnia and Herzegovina,home,Switzerland,0.5629,1.7765,0.5629,model_estimated,,0.0,,-0.0,,0.0,0.0,0.0,0.0
26,2026-06-18,Group Stage,B,Switzerland vs Bosnia and Herzegovina,draw,Draw,0.2965,3.3727,0.2965,model_estimated,,0.0,,0.0,value,0.0,0.0,0.0,0.0
26,2026-06-18,Group Stage,B,Switzerland vs Bosnia and Herzegovina,away,Bosnia and Herzegovina,0.1406,7.1124,0.1406,model_estimated,,0.0,,0.0,value,0.0,0.0,0.0,0.0
27,2026-06-18,Group Stage,B,Canada vs Qatar,home,Canada,0.5594,1.7876,0.5594,model_estimated,,0.0,,-0.0,,0.0,0.0,0.0,0.0
27,2026-06-18,Group Stage,B,Canada vs Qatar,draw,Draw,0.313,3.1949,0.313,model_estimated,,0.0,,0.0,value,0.0,0.0,0.0,0.0
27,2026-06-18,Group Stage,B,Canada vs Qatar,away,Qatar,0.1276,7.837,0.1276,model_estimated,,0.0,,0.0,value,0.0,0.0,0.0,0.0
28,2026-06-18,Group Stage,A,Mexico vs South Korea,home,Mexico,0.4518,2.2134,0.4518,model_estimated,,0.0,,0.0,value,0.0,0.0,0.0,0.0
28,2026-06-18,Group Stage,A,Mexico vs South Korea,draw,Draw,0.3576,2.7964,0.3576,model_estimated,,0.0,,-0.0,,0.0,0.0,0.0,0.0
28,2026-06-18,Group Stage,A,Mexico vs South Korea,away,South Korea,0.1906,5.2466,0.1906,model_estimated,,0.0,,0.0,value,0.0,0.0,0.0,0.0
29,2026-06-19,Group Stage,D,USA vs Australia,home,USA,0.3713,2.6932,0.3713,model_estimated,,0.0,,-0.0,,0.0,0.0,0.0,0.0
29,2026-06-19,Group Stage,D,USA vs Australia,draw,Draw,0.3605,2.7739,0.3605,model_estimated,,0.0,,-0.0,,0.0,0.0,0.0,0.0
29,2026-06-19,Group Stage,D,USA vs Australia,away,Australia,0.2682,3.7286,0.2682,model_estimated,,0.0,,0.0,value,0.0,0.0,0.0,0.0
30,2026-06-19,Group Stage,C,Scotland vs Morocco,home,Scotland,0.154,6.4935,0.154,model_estimated,,0.0,,-0.0,,0.0,0.0,0.0,0.0
30,2026-06-19,Group Stage,C,Scotland vs Morocco,draw,Draw,0.3377,2.9612,0.3377,model_estimated,,0.0,,-0.0,,0.0,0.0,0.0,0.0
30,2026-06-19,Group Stage,C,Scotland vs Morocco,away,Morocco,0.5082,1.9677,0.5082,model_estimated,,0.0,,-0.0,,0.0,0.0,0.0,0.0
31,2026-06-19,Group Stage,C,Brazil vs Haiti,home,Brazil,0.6583,1.5191,0.6583,model_estimated,,0.0,,0.0,value,0.0,0.0,0.0,0.01
31,2026-06-19,Group Stage,C,Brazil vs Haiti,draw,Draw,0.2284,4.3783,0.2284,model_estimated,,0.0,,0.0,value,0.0,0.0,0.0,0.0
31,2026-06-19,Group Stage,C,Brazil vs Haiti,away,Haiti,0.1133,8.8261,0.1133,model_estimated,,0.0,,-0.0,,0.0,0.0,0.0,0.0
32,2026-06-19,Group Stage,D,Paraguay vs Turkey,home,Paraguay,0.2192,4.562,0.2192,model_estimated,,0.0,,-0.0,,0.0,0.0,0.0,0.0
32,2026-06-19,Group Stage,D,Paraguay vs Turkey,draw,Draw,0.3664,2.7293,0.3664,model_estimated,,0.0,,0.0,value,0.0,0.0,0.0,0.0
32,2026-06-19,Group Stage,D,Paraguay vs Turkey,away,Turkey,0.4144,2.4131,0.4144,model_estimated,,0.0,,-0.0,,0.0,0.0,0.0,0.0
33,2026-06-20,Group Stage,F,Netherlands vs Sweden,home,Netherlands,0.5121,1.9527,0.5121,model_estimated,,0.0,,-0.0,,0.0,0.0,0.0,0.0
33,2026-06-20,Group Stage,F,Netherlands vs Sweden,draw,Draw,0.335,2.9851,0.335,model_estimated,,0.0,,0.0,value,0.0,0.0,0.0,0.0
33,2026-06-20,Group Stage,F,Netherlands vs Sweden,away,Sweden,0.153,6.5359,0.153,model_estimated,,0.0,,-0.0,,0.0,0.0,0.0,0.0
34,2026-06-20,Group Stage,E,Germany vs Ivory Coast,home,Germany,0.4263,2.3458,0.4263,model_estimated,,0.0,,0.0,value,0.0,0.0,0.0,0.0
34,2026-06-20,Group Stage,E,Germany vs Ivory Coast,draw,Draw,0.3395,2.9455,0.3395,model_estimated,,0.0,,-0.0,,0.0,0.0,0.0,0.0
34,2026-06-20,Group Stage,E,Germany vs Ivory Coast,away,Ivory Coast,0.2343,4.268,0.2343,model_estimated,,0.0,,-0.0,,0.0,0.0,0.0,0.0
35,2026-06-20,Group Stage,E,Ecuador vs Curacao,home,Ecuador,0.5188,1.9275,0.5188,model_estimated,,0.0,,-0.0,,0.0,0.0,0.0,0.0
35,2026-06-20,Group Stage,E,Ecuador vs Curacao,draw,Draw,0.281,3.5587,0.281,model_estimated,,0.0,,-0.0,,0.0,0.0,0.0,0.0
35,2026-06-20,Group Stage,E,Ecuador vs Curacao,away,Curacao,0.2002,4.995,0.2002,model_estimated,,0.0,,-0.0,,0.0,0.0,0.0,0.0
36,2026-06-20,Group Stage,F,Tunisia vs Japan,home,Tunisia,0.1494,6.6934,0.1494,model_estimated,,0.0,,-0.0,,0.0,0.0,0.0,0.0
36,2026-06-20,Group Stage,F,Tunisia vs Japan,draw,Draw,0.2615,3.8241,0.2615,model_estimated,,0.0,,0.0,value,0.0,0.0,0.0,0.0
36,2026-06-20,Group Stage,F,Tunisia vs Japan,away,Japan,0.5891,1.6975,0.5891,model_estimated,,0.0,,-0.0,,0.0,0.0,0.0,0.0
37,2026-06-21,Group Stage,H,Spain vs Saudi Arabia,home,Spain,0.6309,1.585,0.6309,model_estimated,,0.0,,-0.0,,0.0,0.0,0.0,0.0
37,2026-06-21,Group Stage,H,Spain vs Saudi Arabia,draw,Draw,0.2206,4.5331,0.2206,model_estimated,,0.0,,0.0,value,0.0,0.0,0.0,0.0
37,2026-06-21,Group Stage,H,Spain vs Saudi Arabia,away,Saudi Arabia,0.1484,6.7385,0.1484,model_estimated,,0.0,,-0.0,,0.0,0.0,0.0,0.0
38,2026-06-21,Group Stage,G,Belgium vs Iran,home,Belgium,0.3835,2.6076,0.3835,model_estimated,,0.0,,0.0,value,0.0,0.0,0.0,0.0
38,2026-06-21,Group Stage,G,Belgium vs Iran,draw,Draw,0.2715,3.6832,0.2715,model_estimated,,0.0,,-0.0,,0.0,0.0,0.0,0.0
38,2026-06-21,Group Stage,G,Belgium vs Iran,away,Iran,0.345,2.8986,0.345,model_estimated,,0.0,,0.0,value,0.0,0.0,0.0,0.0
39,2026-06-21,Group Stage,H,Uruguay vs Cape Verde,home,Uruguay,0.5707,1.7522,0.5707,model_estimated,,0.0,,-0.0,,0.0,0.0,0.0,0.0
39,2026-06-21,Group Stage,H,Uruguay vs Cape Verde,draw,Draw,0.2978,3.358,0.2978,model_estimated,,0.0,,0.0,value,0.0,0.0,0.0,0.0
39,2026-06-21,Group Stage,H,Uruguay vs Cape Verde,away,Cape Verde,0.1315,7.6046,0.1315,model_estimated,,0.0,,0.0,value,0.0,0.0,0.0,0.0
40,2026-06-21,Group Stage,G,New Zealand vs Egypt,home,New Zealand,0.3158,3.1666,0.3158,model_estimated,,0.0,,0.0,value,0.0,0.0,0.0,0.0
40,2026-06-21,Group Stage,G,New Zealand vs Egypt,draw,Draw,0.5029,1.9885,0.5029,model_estimated,,0.0,,0.0,value,0.0,0.0,0.0,0.0
40,2026-06-21,Group Stage,G,New Zealand vs Egypt,away,Egypt,0.1813,5.5157,0.1813,model_estimated,,0.0,,-0.0,,0.0,0.0,0.0,0.0
41,2026-06-22,Group Stage,J,Argentina vs Austria,home,Argentina,0.5068,1.9732,0.5068,model_estimated,,0.0,,0.0,value,0.0,0.0,0.0,0.0
41,2026-06-22,Group Stage,J,Argentina vs Austria,draw,Draw,0.2851,3.5075,0.2851,model_estimated,,0.0,,-0.0,,0.0,0.0,0.0,0.0
41,2026-06-22,Group Stage,J,Argentina vs Austria,away,Austria,0.208,4.8077,0.208,model_estimated,,0.0,,0.0,value,0.0,0.0,0.0,0.0
42,2026-06-22,Group Stage,I,France vs Iraq,home,France,0.5647,1.7709,0.5647,model_estimated,,0.0,,0.0,value,0.0,0.0,0.0,0.01
42,2026-06-22,Group Stage,I,France vs Iraq,draw,Draw,0.2768,3.6127,0.2768,model_estimated,,0.0,,-0.0,,0.0,0.0,0.0,0.0
42,2026-06-22,Group Stage,I,France vs Iraq,away,Iraq,0.1585,6.3091,0.1585,model_estimated,,0.0,,-0.0,,0.0,0.0,0.0,0.0
43,2026-06-22,Group Stage,I,Norway vs Senegal,home,Norway,0.2763,3.6193,0.2763,model_estimated,,0.0,,0.0,value,0.0,0.0,0.0,0.0
43,2026-06-22,Group Stage,I,Norway vs Senegal,draw,Draw,0.316,3.1646,0.316,model_estimated,,0.0,,0.0,value,0.0,0.0,0.0,0.0
43,2026-06-22,Group Stage,I,Norway vs Senegal,away,Senegal,0.4078,2.4522,0.4078,model_estimated,,0.0,,0.0,value,0.0,0.0,0.0,0.0
44,2026-06-22,Group Stage,J,Jordan vs Algeria,home,Jordan,0.2783,3.5932,0.2783,model_estimated,,0.0,,-0.0,,0.0,0.0,0.0,0.0
44,2026-06-22,Group Stage,J,Jordan vs Algeria,draw,Draw,0.3374,2.9638,0.3374,model_estimated,,0.0,,-0.0,,0.0,0.0,0.0,0.0
44,2026-06-22,Group Stage,J,Jordan vs Algeria,away,Algeria,0.3843,2.6021,0.3843,model_estimated,,0.0,,-0.0,,0.0,0.0,0.0,0.0
45,2026-06-23,Group Stage,K,Portugal vs Uzbekistan,home,Portugal,0.5573,1.7944,0.5573,model_estimated,,0.0,,0.0,value,0.0,0.0,0.0,0.01
45,2026-06-23,Group Stage,K,Portugal vs Uzbekistan,draw,Draw,0.249,4.0161,0.249,model_estimated,,0.0,,0.0,value,0.0,0.0,0.0,0.0
45,2026-06-23,Group Stage,K,Portugal vs Uzbekistan,away,Uzbekistan,0.1936,5.1653,0.1936,model_estimated,,0.0,,0.0,value,0.0,0.0,0.0,0.0
46,2026-06-23,Group Stage,L,England vs Ghana,home,England,0.5709,1.7516,0.5709,model_estimated,,0.0,,-0.0,,0.0,0.0,0.0,0.0
46,2026-06-23,Group Stage,L,England vs Ghana,draw,Draw,0.2864,3.4916,0.2864,model_estimated,,0.0,,-0.0,,0.0,0.0,0.0,0.0
46,2026-06-23,Group Stage,L,England vs Ghana,away,Ghana,0.1427,7.0077,0.1427,model_estimated,,0.0,,-0.0,,0.0,0.0,0.0,0.0
47,2026-06-23,Group Stage,L,Panama vs Croatia,home,Panama,0.3183,3.1417,0.3183,model_estimated,,0.0,,0.0,value,0.0,0.0,0.0,0.0
47,2026-06-23,Group Stage,L,Panama vs Croatia,draw,Draw,0.3528,2.8345,0.3528,model_estimated,,0.0,,0.0,value,0.0,0.0,0.0,0.0
47,2026-06-23,Group Stage,L,Panama vs Croatia,away,Croatia,0.3289,3.0404,0.3289,model_estimated,,0.0,,-0.0,,0.0,0.0,0.0,0.0
48,2026-06-23,Group Stage,K,Colombia vs DR Congo,home,Colombia,0.4372,2.2873,0.4372,model_estimated,,0.0,,0.0,value,0.0,0.0,0.0,0.0
48,2026-06-23,Group Stage,K,Colombia vs DR Congo,draw,Draw,0.3607,2.7724,0.3607,model_estimated,,0.0,,0.0,value,0.0,0.0,0.0,0.0
48,2026-06-23,Group Stage,K,Colombia vs DR Congo,away,DR Congo,0.2021,4.948,0.2021,model_estimated,,0.0,,-0.0,,0.0,0.0,0.0,0.0
49,2026-06-24,Group Stage,B,Canada vs Switzerland,home,Canada,0.342,2.924,0.342,model_estimated,,0.0,,0.0,value,0.0,0.0,0.0,0.0
49,2026-06-24,Group Stage,B,Canada vs Switzerland,draw,Draw,0.3428,2.9172,0.3428,model_estimated,,0.0,,0.0,value,0.0,0.0,0.0,0.0
49,2026-06-24,Group Stage,B,Canada vs Switzerland,away,Switzerland,0.3152,3.1726,0.3152,model_estimated,,0.0,,0.0,value,0.0,0.0,0.0,0.0
50,2026-06-24,Group Stage,B,Qatar vs Bosnia and Herzegovina,home,Qatar,0.4067,2.4588,0.4067,model_estimated,,0.0,,-0.0,,0.0,0.0,0.0,0.0
50,2026-06-24,Group Stage,B,Qatar vs Bosnia and Herzegovina,draw,Draw,0.3472,2.8802,0.3472,model_estimated,,0.0,,0.0,value,0.0,0.0,0.0,0.0
50,2026-06-24,Group Stage,B,Qatar vs Bosnia and Herzegovina,away,Bosnia and Herzegovina,0.2461,4.0634,0.2461,model_estimated,,0.0,,0.0,value,0.0,0.0,0.0,0.0
51,2026-06-24,Group Stage,C,Scotland vs Brazil,home,Scotland,0.1398,7.1531,0.1398,model_estimated,,0.0,,0.0,value,0.0,0.0,0.0,0.0
51,2026-06-24,Group Stage,C,Scotland vs Brazil,draw,Draw,0.2969,3.3681,0.2969,model_estimated,,0.0,,-0.0,,0.0,0.0,0.0,0.0
51,2026-06-24,Group Stage,C,Scotland vs Brazil,away,Brazil,0.5633,1.7753,0.5633,model_estimated,,0.0,,0.0,value,0.0,0.0,0.0,0.01
52,2026-06-24,Group Stage,C,Morocco vs Haiti,home,Morocco,0.5232,1.9113,0.5232,model_estimated,,0.0,,-0.0,,0.0,0.0,0.0,0.0
52,2026-06-24,Group Stage,C,Morocco vs Haiti,draw,Draw,0.327,3.0581,0.327,model_estimated,,0.0,,-0.0,,0.0,0.0,0.0,0.0
52,2026-06-24,Group Stage,C,Morocco vs Haiti,away,Haiti,0.1498,6.6756,0.1498,model_estimated,,0.0,,0.0,value,0.0,0.0,0.0,0.0
53,2026-06-24,Group Stage,A,Mexico vs Czechia,home,Mexico,0.5469,1.8285,0.5469,model_estimated,,0.0,,0.0,value,0.0,0.0,0.0,0.0
53,2026-06-24,Group Stage,A,Mexico vs Czechia,draw,Draw,0.3162,3.1626,0.3162,model_estimated,,0.0,,0.0,value,0.0,0.0,0.0,0.0
53,2026-06-24,Group Stage,A,Mexico vs Czechia,away,Czechia,0.1369,7.3046,0.1369,model_estimated,,0.0,,-0.0,,0.0,0.0,0.0,0.0
54,2026-06-24,Group Stage,A,South Korea vs South Africa,home,South Korea,0.5935,1.6849,0.5935,model_estimated,,0.0,,-0.0,,0.0,0.0,0.0,0.0
54,2026-06-24,Group Stage,A,South Korea vs South Africa,draw,Draw,0.2962,3.3761,0.2962,model_estimated,,0.0,,0.0,value,0.0,0.0,0.0,0.0
54,2026-06-24,Group Stage,A,South Korea vs South Africa,away,South Africa,0.1103,9.0662,0.1103,model_estimated,,0.0,,0.0,value,0.0,0.0,0.0,0.0
55,2026-06-25,Group Stage,E,Ecuador vs Germany,home,Ecuador,0.1937,5.1626,0.1937,model_estimated,,0.0,,-0.0,,0.0,0.0,0.0,0.0
55,2026-06-25,Group Stage,E,Ecuador vs Germany,draw,Draw,0.3414,2.9291,0.3414,model_estimated,,0.0,,-0.0,,0.0,0.0,0.0,0.0
55,2026-06-25,Group Stage,E,Ecuador vs Germany,away,Germany,0.4649,2.151,0.4649,model_estimated,,0.0,,-0.0,,0.0,0.0,0.0,0.0
56,2026-06-25,Group Stage,E,Curacao vs Ivory Coast,home,Curacao,0.1794,5.5741,0.1794,model_estimated,,0.0,,-0.0,,0.0,0.0,0.0,0.0
56,2026-06-25,Group Stage,E,Curacao vs Ivory Coast,draw,Draw,0.3444,2.9036,0.3444,model_estimated,,0.0,,-0.0,,0.0,0.0,0.0,0.0
56,2026-06-25,Group Stage,E,Curacao vs Ivory Coast,away,Ivory Coast,0.4761,2.1004,0.4761,model_estimated,,0.0,,0.0,value,0.0,0.0,0.0,0.0
57,2026-06-25,Group Stage,F,Tunisia vs Netherlands,home,Tunisia,0.1404,7.1225,0.1404,model_estimated,,0.0,,-0.0,,0.0,0.0,0.0,0.0
57,2026-06-25,Group Stage,F,Tunisia vs Netherlands,draw,Draw,0.2859,3.4977,0.2859,model_estimated,,0.0,,-0.0,,0.0,0.0,0.0,0.0
57,2026-06-25,Group Stage,F,Tunisia vs Netherlands,away,Netherlands,0.5737,1.7431,0.5737,model_estimated,,0.0,,0.0,value,0.0,0.0,0.0,0.01
58,2026-06-25,Group Stage,F,Japan vs Sweden,home,Japan,0.4605,2.1716,0.4605,model_estimated,,0.0,,0.0,value,0.0,0.0,0.0,0.0
58,2026-06-25,Group Stage,F,Japan vs Sweden,draw,Draw,0.4119,2.4278,0.4119,model_estimated,,0.0,,0.0,value,0.0,0.0,0.0,0.0
58,2026-06-25,Group Stage,F,Japan vs Sweden,away,Sweden,0.1276,7.837,0.1276,model_estimated,,0.0,,0.0,value,0.0,0.0,0.0,0.0
59,2026-06-25,Group Stage,D,USA vs Turkey,home,USA,0.4241,2.3579,0.4241,model_estimated,,0.0,,-0.0,,0.0,0.0,0.0,0.0
59,2026-06-25,Group Stage,D,USA vs Turkey,draw,Draw,0.2996,3.3378,0.2996,model_estimated,,0.0,,0.0,value,0.0,0.0,0.0,0.0
59,2026-06-25,Group Stage,D,USA vs Turkey,away,Turkey,0.2763,3.6193,0.2763,model_estimated,,0.0,,0.0,value,0.0,0.0,0.0,0.0
60,2026-06-25,Group Stage,D,Paraguay vs Australia,home,Paraguay,0.2249,4.4464,0.2249,model_estimated,,0.0,,-0.0,,0.0,0.0,0.0,0.0
60,2026-06-25,Group Stage,D,Paraguay vs Australia,draw,Draw,0.3387,2.9525,0.3387,model_estimated,,0.0,,0.0,value,0.0,0.0,0.0,0.0
60,2026-06-25,Group Stage,D,Paraguay vs Australia,away,Australia,0.4364,2.2915,0.4364,model_estimated,,0.0,,0.0,value,0.0,0.0,0.0,0.0
61,2026-06-26,Group Stage,I,Norway vs France,home,Norway,0.1633,6.1237,0.1633,model_estimated,,0.0,,0.0,value,0.0,0.0,0.0,0.0
61,2026-06-26,Group Stage,I,Norway vs France,draw,Draw,0.3415,2.9283,0.3415,model_estimated,,0.0,,0.0,value,0.0,0.0,0.0,0.0
61,2026-06-26,Group Stage,I,Norway vs France,away,France,0.4953,2.019,0.4953,model_estimated,,0.0,,0.0,value,0.0,0.0,0.0,0.0
62,2026-06-26,Group Stage,I,Senegal vs Iraq,home,Senegal,0.5137,1.9467,0.5137,model_estimated,,0.0,,0.0,value,0.0,0.0,0.0,0.01
62,2026-06-26,Group Stage,I,Senegal vs Iraq,draw,Draw,0.2928,3.4153,0.2928,model_estimated,,0.0,,-0.0,,0.0,0.0,0.0,0.0
62,2026-06-26,Group Stage,I,Senegal vs Iraq,away,Iraq,0.1935,5.168,0.1935,model_estimated,,0.0,,0.0,value,0.0,0.0,0.0,0.0
63,2026-06-26,Group Stage,H,Uruguay vs Spain,home,Uruguay,0.134,7.4627,0.134,model_estimated,,0.0,,0.0,value,0.0,0.0,0.0,0.0
63,2026-06-26,Group Stage,H,Uruguay vs Spain,draw,Draw,0.2826,3.5386,0.2826,model_estimated,,0.0,,0.0,value,0.0,0.0,0.0,0.0
63,2026-06-26,Group Stage,H,Uruguay vs Spain,away,Spain,0.5835,1.7138,0.5835,model_estimated,,0.0,,0.0,value,0.0,0.0,0.0,0.0
64,2026-06-26,Group Stage,H,Cape Verde vs Saudi Arabia,home,Cape Verde,0.1758,5.6883,0.1758,model_estimated,,0.0,,0.0,value,0.0,0.0,0.0,0.0
64,2026-06-26,Group Stage,H,Cape Verde vs Saudi Arabia,draw,Draw,0.3485,2.8694,0.3485,model_estimated,,0.0,,-0.0,,0.0,0.0,0.0,0.0
64,2026-06-26,Group Stage,H,Cape Verde vs Saudi Arabia,away,Saudi Arabia,0.4757,2.1022,0.4757,model_estimated,,0.0,,0.0,value,0.0,0.0,0.0,0.0
65,2026-06-26,Group Stage,G,New Zealand vs Belgium,home,New Zealand,0.308,3.2468,0.308,model_estimated,,0.0,,0.0,value,0.0,0.0,0.0,0.0
65,2026-06-26,Group Stage,G,New Zealand vs Belgium,draw,Draw,0.3532,2.8313,0.3532,model_estimated,,0.0,,0.0,value,0.0,0.0,0.0,0.0
65,2026-06-26,Group Stage,G,New Zealand vs Belgium,away,Belgium,0.3388,2.9516,0.3388,model_estimated,,0.0,,0.0,value,0.0,0.0,0.0,0.0
66,2026-06-26,Group Stage,G,Egypt vs Iran,home,Egypt,0.1835,5.4496,0.1835,model_estimated,,0.0,,0.0,value,0.0,0.0,0.0,0.0
66,2026-06-26,Group Stage,G,Egypt vs Iran,draw,Draw,0.4398,2.2738,0.4398,model_estimated,,0.0,,0.0,value,0.0,0.0,0.0,0.0
66,2026-06-26,Group Stage,G,Egypt vs Iran,away,Iran,0.3767,2.6546,0.3767,model_estimated,,0.0,,-0.0,,0.0,0.0,0.0,0.0
67,2026-06-27,Group Stage,L,Panama vs England,home,Panama,0.2199,4.5475,0.2199,model_estimated,,0.0,,-0.0,,0.0,0.0,0.0,0.0
67,2026-06-27,Group Stage,L,Panama vs England,draw,Draw,0.2339,4.2753,0.2339,model_estimated,,0.0,,-0.0,,0.0,0.0,0.0,0.0
67,2026-06-27,Group Stage,L,Panama vs England,away,England,0.5462,1.8308,0.5462,model_estimated,,0.0,,-0.0,,0.0,0.0,0.0,0.0
68,2026-06-27,Group Stage,L,Croatia vs Ghana,home,Croatia,0.489,2.045,0.489,model_estimated,,0.0,,0.0,value,0.0,0.0,0.0,0.0
68,2026-06-27,Group Stage,L,Croatia vs Ghana,draw,Draw,0.3003,3.33,0.3003,model_estimated,,0.0,,-0.0,,0.0,0.0,0.0,0.0
68,2026-06-27,Group Stage,L,Croatia vs Ghana,away,Ghana,0.2108,4.7438,0.2108,model_estimated,,0.0,,-0.0,,0.0,0.0,0.0,0.0
69,2026-06-27,Group Stage,K,Colombia vs Portugal,home,Colombia,0.2225,4.4944,0.2225,model_estimated,,0.0,,0.0,value,0.0,0.0,0.0,0.0
69,2026-06-27,Group Stage,K,Colombia vs Portugal,draw,Draw,0.3697,2.7049,0.3697,model_estimated,,0.0,,0.0,value,0.0,0.0,0.0,0.0
69,2026-06-27,Group Stage,K,Colombia vs Portugal,away,Portugal,0.4078,2.4522,0.4078,model_estimated,,0.0,,0.0,value,0.0,0.0,0.0,0.0
70,2026-06-27,Group Stage,K,Uzbekistan vs DR Congo,home,Uzbekistan,0.3846,2.6001,0.3846,model_estimated,,0.0,,-0.0,,0.0,0.0,0.0,0.0
70,2026-06-27,Group Stage,K,Uzbekistan vs DR Congo,draw,Draw,0.3739,2.6745,0.3739,model_estimated,,0.0,,-0.0,,0.0,0.0,0.0,0.0
70,2026-06-27,Group Stage,K,Uzbekistan vs DR Congo,away,DR Congo,0.2416,4.1391,0.2416,model_estimated,,0.0,,0.0,value,0.0,0.0,0.0,0.0
71,2026-06-27,Group Stage,J,Jordan vs Argentina,home,Jordan,0.1575,6.3492,0.1575,model_estimated,,0.0,,-0.0,,0.0,0.0,0.0,0.0
71,2026-06-27,Group Stage,J,Jordan vs Argentina,draw,Draw,0.2918,3.427,0.2918,model_estimated,,0.0,,-0.0,,0.0,0.0,0.0,0.0
71,2026-06-27,Group Stage,J,Jordan vs Argentina,away,Argentina,0.5507,1.8159,0.5507,model_estimated,,0.0,,0.0,value,0.0,0.0,0.0,0.0
72,2026-06-27,Group Stage,J,Algeria vs Austria,home,Algeria,0.3614,2.767,0.3614,model_estimated,,0.0,,-0.0,,0.0,0.0,0.0,0.0
72,2026-06-27,Group Stage,J,Algeria vs Austria,draw,Draw,0.3486,2.8686,0.3486,model_estimated,,0.0,,-0.0,,0.0,0.0,0.0,0.0
72,2026-06-27,Group Stage,J,Algeria vs Austria,away,Austria,0.29,3.4483,0.29,model_estimated,,0.0,,0.0,value,0.0,0.0,0.0,0.0
